Region,Building type,Age cohort,Insulation product,value
AUT,SFH,>1945,Insulation,7.509333333
AUT,SFH,1945-1969,Insulation,9.422919507
AUT,SFH,1970-1989,Insulation,16.21680358
AUT,SFH,1990-2010,Insulation,18.05892114
AUT,SFH,2011-2020,Insulation,17.47326052
AUT,SFH,2021-2030,Insulation,17.47326052
AUT,SFH,2031-2040,Insulation,17.47326052
AUT,SFH,2040<,Insulation,17.47326052
AUT,MFH,>1945,Insulation,3.520352606
AUT,MFH,1945-1969,Insulation,10.13109219
AUT,MFH,1970-1989,Insulation,12.83010603
AUT,MFH,1990-2010,Insulation,12.08391214
AUT,MFH,2011-2020,Insulation,15.17078186
AUT,MFH,2021-2030,Insulation,15.17078186
AUT,MFH,2031-2040,Insulation,15.17078186
AUT,MFH,2040<,Insulation,15.17078186
AUT,Ret,>1945,Insulation,7.065853659
AUT,Ret,1945-1969,Insulation,7.065853659
AUT,Ret,1970-1989,Insulation,32.68195122
AUT,Ret,1990-2010,Insulation,32.68195122
AUT,Ret,2011-2020,Insulation,22.55631613
AUT,Ret,2021-2030,Insulation,22.55631613
AUT,Ret,2031-2040,Insulation,22.55631613
AUT,Ret,2040<,Insulation,22.55631613
AUT,Off,>1945,Insulation,3.705263158
AUT,Off,1945-1969,Insulation,5.364210526
AUT,Off,1970-1989,Insulation,19.7712
AUT,Off,1990-2010,Insulation,13.14272
AUT,Off,2011-2020,Insulation,13.14272
AUT,Off,2021-2030,Insulation,13.14272
AUT,Off,2031-2040,Insulation,13.14272
AUT,Off,2040<,Insulation,13.14272
AUT,Hot,>1945,Insulation,3.705263158
AUT,Hot,1945-1969,Insulation,5.364210526
AUT,Hot,1970-1989,Insulation,19.7712
AUT,Hot,1990-2010,Insulation,13.14272
AUT,Hot,2011-2020,Insulation,13.14272
AUT,Hot,2021-2030,Insulation,13.14272
AUT,Hot,2031-2040,Insulation,13.14272
AUT,Hot,2040<,Insulation,13.14272
AUT,Edu,>1945,Insulation,3.705263158
AUT,Edu,1945-1969,Insulation,5.364210526
AUT,Edu,1970-1989,Insulation,19.7712
AUT,Edu,1990-2010,Insulation,13.14272
AUT,Edu,2011-2020,Insulation,13.14272
AUT,Edu,2021-2030,Insulation,13.14272
AUT,Edu,2031-2040,Insulation,13.14272
AUT,Edu,2040<,Insulation,13.14272
AUT,Hea,>1945,Insulation,3.705263158
AUT,Hea,1945-1969,Insulation,5.364210526
AUT,Hea,1970-1989,Insulation,19.7712
AUT,Hea,1990-2010,Insulation,13.14272
AUT,Hea,2011-2020,Insulation,13.14272
AUT,Hea,2021-2030,Insulation,13.14272
AUT,Hea,2031-2040,Insulation,13.14272
AUT,Hea,2040<,Insulation,13.14272
AUT,Oth,>1945,Insulation,6.117993154
AUT,Oth,1945-1969,Insulation,6.886787177
AUT,Oth,1970-1989,Insulation,18.62779187
AUT,Oth,1990-2010,Insulation,14.2088052
AUT,Oth,2011-2020,Insulation,12.52119935
AUT,Oth,2021-2030,Insulation,12.52119935
AUT,Oth,2031-2040,Insulation,12.52119935
AUT,Oth,2040<,Insulation,12.52119935
BEL,SFH,>1945,Insulation,7.509333333
BEL,SFH,1945-1969,Insulation,9.422919507
BEL,SFH,1970-1989,Insulation,16.21680358
BEL,SFH,1990-2010,Insulation,18.05892114
BEL,SFH,2011-2020,Insulation,17.47326052
BEL,SFH,2021-2030,Insulation,17.47326052
BEL,SFH,2031-2040,Insulation,17.47326052
BEL,SFH,2040<,Insulation,17.47326052
BEL,MFH,>1945,Insulation,3.520352606
BEL,MFH,1945-1969,Insulation,10.13109219
BEL,MFH,1970-1989,Insulation,12.83010603
BEL,MFH,1990-2010,Insulation,12.08391214
BEL,MFH,2011-2020,Insulation,15.17078186
BEL,MFH,2021-2030,Insulation,15.17078186
BEL,MFH,2031-2040,Insulation,15.17078186
BEL,MFH,2040<,Insulation,15.17078186
BEL,Ret,>1945,Insulation,7.065853659
BEL,Ret,1945-1969,Insulation,7.065853659
BEL,Ret,1970-1989,Insulation,32.68195122
BEL,Ret,1990-2010,Insulation,32.68195122
BEL,Ret,2011-2020,Insulation,22.55631613
BEL,Ret,2021-2030,Insulation,22.55631613
BEL,Ret,2031-2040,Insulation,22.55631613
BEL,Ret,2040<,Insulation,22.55631613
BEL,Off,>1945,Insulation,3.705263158
BEL,Off,1945-1969,Insulation,5.364210526
BEL,Off,1970-1989,Insulation,19.7712
BEL,Off,1990-2010,Insulation,13.14272
BEL,Off,2011-2020,Insulation,13.14272
BEL,Off,2021-2030,Insulation,13.14272
BEL,Off,2031-2040,Insulation,13.14272
BEL,Off,2040<,Insulation,13.14272
BEL,Hot,>1945,Insulation,3.705263158
BEL,Hot,1945-1969,Insulation,5.364210526
BEL,Hot,1970-1989,Insulation,19.7712
BEL,Hot,1990-2010,Insulation,13.14272
BEL,Hot,2011-2020,Insulation,13.14272
BEL,Hot,2021-2030,Insulation,13.14272
BEL,Hot,2031-2040,Insulation,13.14272
BEL,Hot,2040<,Insulation,13.14272
BEL,Edu,>1945,Insulation,3.705263158
BEL,Edu,1945-1969,Insulation,5.364210526
BEL,Edu,1970-1989,Insulation,19.7712
BEL,Edu,1990-2010,Insulation,13.14272
BEL,Edu,2011-2020,Insulation,13.14272
BEL,Edu,2021-2030,Insulation,13.14272
BEL,Edu,2031-2040,Insulation,13.14272
BEL,Edu,2040<,Insulation,13.14272
BEL,Hea,>1945,Insulation,3.705263158
BEL,Hea,1945-1969,Insulation,5.364210526
BEL,Hea,1970-1989,Insulation,19.7712
BEL,Hea,1990-2010,Insulation,13.14272
BEL,Hea,2011-2020,Insulation,13.14272
BEL,Hea,2021-2030,Insulation,13.14272
BEL,Hea,2031-2040,Insulation,13.14272
BEL,Hea,2040<,Insulation,13.14272
BEL,Oth,>1945,Insulation,6.117993154
BEL,Oth,1945-1969,Insulation,6.886787177
BEL,Oth,1970-1989,Insulation,18.62779187
BEL,Oth,1990-2010,Insulation,14.2088052
BEL,Oth,2011-2020,Insulation,12.52119935
BEL,Oth,2021-2030,Insulation,12.52119935
BEL,Oth,2031-2040,Insulation,12.52119935
BEL,Oth,2040<,Insulation,12.52119935
BGR,SFH,>1945,Insulation,7.509333333
BGR,SFH,1945-1969,Insulation,9.422919507
BGR,SFH,1970-1989,Insulation,16.21680358
BGR,SFH,1990-2010,Insulation,18.05892114
BGR,SFH,2011-2020,Insulation,17.47326052
BGR,SFH,2021-2030,Insulation,17.47326052
BGR,SFH,2031-2040,Insulation,17.47326052
BGR,SFH,2040<,Insulation,17.47326052
BGR,MFH,>1945,Insulation,3.520352606
BGR,MFH,1945-1969,Insulation,10.13109219
BGR,MFH,1970-1989,Insulation,12.83010603
BGR,MFH,1990-2010,Insulation,12.08391214
BGR,MFH,2011-2020,Insulation,15.17078186
BGR,MFH,2021-2030,Insulation,15.17078186
BGR,MFH,2031-2040,Insulation,15.17078186
BGR,MFH,2040<,Insulation,15.17078186
BGR,Ret,>1945,Insulation,7.065853659
BGR,Ret,1945-1969,Insulation,7.065853659
BGR,Ret,1970-1989,Insulation,32.68195122
BGR,Ret,1990-2010,Insulation,32.68195122
BGR,Ret,2011-2020,Insulation,22.55631613
BGR,Ret,2021-2030,Insulation,22.55631613
BGR,Ret,2031-2040,Insulation,22.55631613
BGR,Ret,2040<,Insulation,22.55631613
BGR,Off,>1945,Insulation,3.705263158
BGR,Off,1945-1969,Insulation,5.364210526
BGR,Off,1970-1989,Insulation,19.7712
BGR,Off,1990-2010,Insulation,13.14272
BGR,Off,2011-2020,Insulation,13.14272
BGR,Off,2021-2030,Insulation,13.14272
BGR,Off,2031-2040,Insulation,13.14272
BGR,Off,2040<,Insulation,13.14272
BGR,Hot,>1945,Insulation,3.705263158
BGR,Hot,1945-1969,Insulation,5.364210526
BGR,Hot,1970-1989,Insulation,19.7712
BGR,Hot,1990-2010,Insulation,13.14272
BGR,Hot,2011-2020,Insulation,13.14272
BGR,Hot,2021-2030,Insulation,13.14272
BGR,Hot,2031-2040,Insulation,13.14272
BGR,Hot,2040<,Insulation,13.14272
BGR,Edu,>1945,Insulation,3.705263158
BGR,Edu,1945-1969,Insulation,5.364210526
BGR,Edu,1970-1989,Insulation,19.7712
BGR,Edu,1990-2010,Insulation,13.14272
BGR,Edu,2011-2020,Insulation,13.14272
BGR,Edu,2021-2030,Insulation,13.14272
BGR,Edu,2031-2040,Insulation,13.14272
BGR,Edu,2040<,Insulation,13.14272
BGR,Hea,>1945,Insulation,3.705263158
BGR,Hea,1945-1969,Insulation,5.364210526
BGR,Hea,1970-1989,Insulation,19.7712
BGR,Hea,1990-2010,Insulation,13.14272
BGR,Hea,2011-2020,Insulation,13.14272
BGR,Hea,2021-2030,Insulation,13.14272
BGR,Hea,2031-2040,Insulation,13.14272
BGR,Hea,2040<,Insulation,13.14272
BGR,Oth,>1945,Insulation,6.117993154
BGR,Oth,1945-1969,Insulation,6.886787177
BGR,Oth,1970-1989,Insulation,18.62779187
BGR,Oth,1990-2010,Insulation,14.2088052
BGR,Oth,2011-2020,Insulation,12.52119935
BGR,Oth,2021-2030,Insulation,12.52119935
BGR,Oth,2031-2040,Insulation,12.52119935
BGR,Oth,2040<,Insulation,12.52119935
CYP,SFH,>1945,Insulation,5.617556018
CYP,SFH,1945-1969,Insulation,10.94754296
CYP,SFH,1970-1989,Insulation,10.94754296
CYP,SFH,1990-2010,Insulation,20.80717518
CYP,SFH,2011-2020,Insulation,17.75923281
CYP,SFH,2021-2030,Insulation,17.75923281
CYP,SFH,2031-2040,Insulation,17.75923281
CYP,SFH,2040<,Insulation,17.75923281
CYP,MFH,>1945,Insulation,3.424603058
CYP,MFH,1945-1969,Insulation,6.398229701
CYP,MFH,1970-1989,Insulation,5.826015196
CYP,MFH,1990-2010,Insulation,8.210723683
CYP,MFH,2011-2020,Insulation,29.50390381
CYP,MFH,2021-2030,Insulation,29.50390381
CYP,MFH,2031-2040,Insulation,29.50390381
CYP,MFH,2040<,Insulation,29.50390381
CYP,Ret,>1945,Insulation,14.82105263
CYP,Ret,1945-1969,Insulation,0
CYP,Ret,1970-1989,Insulation,0
CYP,Ret,1990-2010,Insulation,0
CYP,Ret,2011-2020,Insulation,0
CYP,Ret,2021-2030,Insulation,0
CYP,Ret,2031-2040,Insulation,0
CYP,Ret,2040<,Insulation,0
CYP,Off,>1945,Insulation,2.778947368
CYP,Off,1945-1969,Insulation,8.336581818
CYP,Off,1970-1989,Insulation,4.96
CYP,Off,1990-2010,Insulation,5.346264
CYP,Off,2011-2020,Insulation,5.346264
CYP,Off,2021-2030,Insulation,5.346264
CYP,Off,2031-2040,Insulation,5.346264
CYP,Off,2040<,Insulation,5.346264
CYP,Hot,>1945,Insulation,2.778947368
CYP,Hot,1945-1969,Insulation,8.336581818
CYP,Hot,1970-1989,Insulation,4.96
CYP,Hot,1990-2010,Insulation,5.346264
CYP,Hot,2011-2020,Insulation,5.346264
CYP,Hot,2021-2030,Insulation,5.346264
CYP,Hot,2031-2040,Insulation,5.346264
CYP,Hot,2040<,Insulation,5.346264
CYP,Edu,>1945,Insulation,2.778947368
CYP,Edu,1945-1969,Insulation,8.336581818
CYP,Edu,1970-1989,Insulation,4.96
CYP,Edu,1990-2010,Insulation,5.346264
CYP,Edu,2011-2020,Insulation,5.346264
CYP,Edu,2021-2030,Insulation,5.346264
CYP,Edu,2031-2040,Insulation,5.346264
CYP,Edu,2040<,Insulation,5.346264
CYP,Hea,>1945,Insulation,2.778947368
CYP,Hea,1945-1969,Insulation,8.336581818
CYP,Hea,1970-1989,Insulation,4.96
CYP,Hea,1990-2010,Insulation,5.346264
CYP,Hea,2011-2020,Insulation,5.346264
CYP,Hea,2021-2030,Insulation,5.346264
CYP,Hea,2031-2040,Insulation,5.346264
CYP,Hea,2040<,Insulation,5.346264
CYP,Oth,>1945,Insulation,6.792982456
CYP,Oth,1945-1969,Insulation,5.557721212
CYP,Oth,1970-1989,Insulation,3.306666667
CYP,Oth,1990-2010,Insulation,3.564176
CYP,Oth,2011-2020,Insulation,3.564176
CYP,Oth,2021-2030,Insulation,3.564176
CYP,Oth,2031-2040,Insulation,3.564176
CYP,Oth,2040<,Insulation,3.564176
CZE,SFH,>1945,Insulation,7.509333333
CZE,SFH,1945-1969,Insulation,9.422919507
CZE,SFH,1970-1989,Insulation,16.21680358
CZE,SFH,1990-2010,Insulation,18.05892114
CZE,SFH,2011-2020,Insulation,17.47326052
CZE,SFH,2021-2030,Insulation,17.47326052
CZE,SFH,2031-2040,Insulation,17.47326052
CZE,SFH,2040<,Insulation,17.47326052
CZE,MFH,>1945,Insulation,3.520352606
CZE,MFH,1945-1969,Insulation,10.13109219
CZE,MFH,1970-1989,Insulation,12.83010603
CZE,MFH,1990-2010,Insulation,12.08391214
CZE,MFH,2011-2020,Insulation,15.17078186
CZE,MFH,2021-2030,Insulation,15.17078186
CZE,MFH,2031-2040,Insulation,15.17078186
CZE,MFH,2040<,Insulation,15.17078186
CZE,Ret,>1945,Insulation,7.065853659
CZE,Ret,1945-1969,Insulation,7.065853659
CZE,Ret,1970-1989,Insulation,32.68195122
CZE,Ret,1990-2010,Insulation,32.68195122
CZE,Ret,2011-2020,Insulation,22.55631613
CZE,Ret,2021-2030,Insulation,22.55631613
CZE,Ret,2031-2040,Insulation,22.55631613
CZE,Ret,2040<,Insulation,22.55631613
CZE,Off,>1945,Insulation,3.705263158
CZE,Off,1945-1969,Insulation,5.364210526
CZE,Off,1970-1989,Insulation,19.7712
CZE,Off,1990-2010,Insulation,13.14272
CZE,Off,2011-2020,Insulation,13.14272
CZE,Off,2021-2030,Insulation,13.14272
CZE,Off,2031-2040,Insulation,13.14272
CZE,Off,2040<,Insulation,13.14272
CZE,Hot,>1945,Insulation,3.705263158
CZE,Hot,1945-1969,Insulation,5.364210526
CZE,Hot,1970-1989,Insulation,19.7712
CZE,Hot,1990-2010,Insulation,13.14272
CZE,Hot,2011-2020,Insulation,13.14272
CZE,Hot,2021-2030,Insulation,13.14272
CZE,Hot,2031-2040,Insulation,13.14272
CZE,Hot,2040<,Insulation,13.14272
CZE,Edu,>1945,Insulation,3.705263158
CZE,Edu,1945-1969,Insulation,5.364210526
CZE,Edu,1970-1989,Insulation,19.7712
CZE,Edu,1990-2010,Insulation,13.14272
CZE,Edu,2011-2020,Insulation,13.14272
CZE,Edu,2021-2030,Insulation,13.14272
CZE,Edu,2031-2040,Insulation,13.14272
CZE,Edu,2040<,Insulation,13.14272
CZE,Hea,>1945,Insulation,3.705263158
CZE,Hea,1945-1969,Insulation,5.364210526
CZE,Hea,1970-1989,Insulation,19.7712
CZE,Hea,1990-2010,Insulation,13.14272
CZE,Hea,2011-2020,Insulation,13.14272
CZE,Hea,2021-2030,Insulation,13.14272
CZE,Hea,2031-2040,Insulation,13.14272
CZE,Hea,2040<,Insulation,13.14272
CZE,Oth,>1945,Insulation,6.117993154
CZE,Oth,1945-1969,Insulation,6.886787177
CZE,Oth,1970-1989,Insulation,18.62779187
CZE,Oth,1990-2010,Insulation,14.2088052
CZE,Oth,2011-2020,Insulation,12.52119935
CZE,Oth,2021-2030,Insulation,12.52119935
CZE,Oth,2031-2040,Insulation,12.52119935
CZE,Oth,2040<,Insulation,12.52119935
DEU,SFH,>1945,Insulation,7.509333333
DEU,SFH,1945-1969,Insulation,9.422919507
DEU,SFH,1970-1989,Insulation,16.21680358
DEU,SFH,1990-2010,Insulation,18.05892114
DEU,SFH,2011-2020,Insulation,17.47326052
DEU,SFH,2021-2030,Insulation,17.47326052
DEU,SFH,2031-2040,Insulation,17.47326052
DEU,SFH,2040<,Insulation,17.47326052
DEU,MFH,>1945,Insulation,3.520352606
DEU,MFH,1945-1969,Insulation,10.13109219
DEU,MFH,1970-1989,Insulation,12.83010603
DEU,MFH,1990-2010,Insulation,12.08391214
DEU,MFH,2011-2020,Insulation,15.17078186
DEU,MFH,2021-2030,Insulation,15.17078186
DEU,MFH,2031-2040,Insulation,15.17078186
DEU,MFH,2040<,Insulation,15.17078186
DEU,Ret,>1945,Insulation,7.065853659
DEU,Ret,1945-1969,Insulation,7.065853659
DEU,Ret,1970-1989,Insulation,32.68195122
DEU,Ret,1990-2010,Insulation,32.68195122
DEU,Ret,2011-2020,Insulation,22.55631613
DEU,Ret,2021-2030,Insulation,22.55631613
DEU,Ret,2031-2040,Insulation,22.55631613
DEU,Ret,2040<,Insulation,22.55631613
DEU,Off,>1945,Insulation,3.705263158
DEU,Off,1945-1969,Insulation,5.364210526
DEU,Off,1970-1989,Insulation,19.7712
DEU,Off,1990-2010,Insulation,13.14272
DEU,Off,2011-2020,Insulation,13.14272
DEU,Off,2021-2030,Insulation,13.14272
DEU,Off,2031-2040,Insulation,13.14272
DEU,Off,2040<,Insulation,13.14272
DEU,Hot,>1945,Insulation,3.705263158
DEU,Hot,1945-1969,Insulation,5.364210526
DEU,Hot,1970-1989,Insulation,19.7712
DEU,Hot,1990-2010,Insulation,13.14272
DEU,Hot,2011-2020,Insulation,13.14272
DEU,Hot,2021-2030,Insulation,13.14272
DEU,Hot,2031-2040,Insulation,13.14272
DEU,Hot,2040<,Insulation,13.14272
DEU,Edu,>1945,Insulation,3.705263158
DEU,Edu,1945-1969,Insulation,5.364210526
DEU,Edu,1970-1989,Insulation,19.7712
DEU,Edu,1990-2010,Insulation,13.14272
DEU,Edu,2011-2020,Insulation,13.14272
DEU,Edu,2021-2030,Insulation,13.14272
DEU,Edu,2031-2040,Insulation,13.14272
DEU,Edu,2040<,Insulation,13.14272
DEU,Hea,>1945,Insulation,3.705263158
DEU,Hea,1945-1969,Insulation,5.364210526
DEU,Hea,1970-1989,Insulation,19.7712
DEU,Hea,1990-2010,Insulation,13.14272
DEU,Hea,2011-2020,Insulation,13.14272
DEU,Hea,2021-2030,Insulation,13.14272
DEU,Hea,2031-2040,Insulation,13.14272
DEU,Hea,2040<,Insulation,13.14272
DEU,Oth,>1945,Insulation,6.117993154
DEU,Oth,1945-1969,Insulation,6.886787177
DEU,Oth,1970-1989,Insulation,18.62779187
DEU,Oth,1990-2010,Insulation,14.2088052
DEU,Oth,2011-2020,Insulation,12.52119935
DEU,Oth,2021-2030,Insulation,12.52119935
DEU,Oth,2031-2040,Insulation,12.52119935
DEU,Oth,2040<,Insulation,12.52119935
DNK,SFH,>1945,Insulation,0
DNK,SFH,1945-1969,Insulation,0
DNK,SFH,1970-1989,Insulation,0
DNK,SFH,1990-2010,Insulation,0
DNK,SFH,2011-2020,Insulation,0
DNK,SFH,2021-2030,Insulation,0
DNK,SFH,2031-2040,Insulation,0
DNK,SFH,2040<,Insulation,0
DNK,MFH,>1945,Insulation,0
DNK,MFH,1945-1969,Insulation,0
DNK,MFH,1970-1989,Insulation,0
DNK,MFH,1990-2010,Insulation,0
DNK,MFH,2011-2020,Insulation,0
DNK,MFH,2021-2030,Insulation,0
DNK,MFH,2031-2040,Insulation,0
DNK,MFH,2040<,Insulation,0
DNK,Ret,>1945,Insulation,0
DNK,Ret,1945-1969,Insulation,0
DNK,Ret,1970-1989,Insulation,0
DNK,Ret,1990-2010,Insulation,0
DNK,Ret,2011-2020,Insulation,0
DNK,Ret,2021-2030,Insulation,0
DNK,Ret,2031-2040,Insulation,0
DNK,Ret,2040<,Insulation,0
DNK,Off,>1945,Insulation,0
DNK,Off,1945-1969,Insulation,0
DNK,Off,1970-1989,Insulation,0
DNK,Off,1990-2010,Insulation,0
DNK,Off,2011-2020,Insulation,0
DNK,Off,2021-2030,Insulation,0
DNK,Off,2031-2040,Insulation,0
DNK,Off,2040<,Insulation,0
DNK,Hot,>1945,Insulation,0
DNK,Hot,1945-1969,Insulation,0
DNK,Hot,1970-1989,Insulation,0
DNK,Hot,1990-2010,Insulation,0
DNK,Hot,2011-2020,Insulation,0
DNK,Hot,2021-2030,Insulation,0
DNK,Hot,2031-2040,Insulation,0
DNK,Hot,2040<,Insulation,0
DNK,Edu,>1945,Insulation,0
DNK,Edu,1945-1969,Insulation,0
DNK,Edu,1970-1989,Insulation,0
DNK,Edu,1990-2010,Insulation,0
DNK,Edu,2011-2020,Insulation,0
DNK,Edu,2021-2030,Insulation,0
DNK,Edu,2031-2040,Insulation,0
DNK,Edu,2040<,Insulation,0
DNK,Hea,>1945,Insulation,0
DNK,Hea,1945-1969,Insulation,0
DNK,Hea,1970-1989,Insulation,0
DNK,Hea,1990-2010,Insulation,0
DNK,Hea,2011-2020,Insulation,0
DNK,Hea,2021-2030,Insulation,0
DNK,Hea,2031-2040,Insulation,0
DNK,Hea,2040<,Insulation,0
DNK,Oth,>1945,Insulation,0
DNK,Oth,1945-1969,Insulation,0
DNK,Oth,1970-1989,Insulation,0
DNK,Oth,1990-2010,Insulation,0
DNK,Oth,2011-2020,Insulation,0
DNK,Oth,2021-2030,Insulation,0
DNK,Oth,2031-2040,Insulation,0
DNK,Oth,2040<,Insulation,0
ESP,SFH,>1945,Insulation,5.617556018
ESP,SFH,1945-1969,Insulation,10.94754296
ESP,SFH,1970-1989,Insulation,10.94754296
ESP,SFH,1990-2010,Insulation,20.80717518
ESP,SFH,2011-2020,Insulation,17.75923281
ESP,SFH,2021-2030,Insulation,17.75923281
ESP,SFH,2031-2040,Insulation,17.75923281
ESP,SFH,2040<,Insulation,17.75923281
ESP,MFH,>1945,Insulation,3.424603058
ESP,MFH,1945-1969,Insulation,6.398229701
ESP,MFH,1970-1989,Insulation,5.826015196
ESP,MFH,1990-2010,Insulation,8.210723683
ESP,MFH,2011-2020,Insulation,29.50390381
ESP,MFH,2021-2030,Insulation,29.50390381
ESP,MFH,2031-2040,Insulation,29.50390381
ESP,MFH,2040<,Insulation,29.50390381
ESP,Ret,>1945,Insulation,14.82105263
ESP,Ret,1945-1969,Insulation,0
ESP,Ret,1970-1989,Insulation,0
ESP,Ret,1990-2010,Insulation,0
ESP,Ret,2011-2020,Insulation,0
ESP,Ret,2021-2030,Insulation,0
ESP,Ret,2031-2040,Insulation,0
ESP,Ret,2040<,Insulation,0
ESP,Off,>1945,Insulation,2.778947368
ESP,Off,1945-1969,Insulation,8.336581818
ESP,Off,1970-1989,Insulation,4.96
ESP,Off,1990-2010,Insulation,5.346264
ESP,Off,2011-2020,Insulation,5.346264
ESP,Off,2021-2030,Insulation,5.346264
ESP,Off,2031-2040,Insulation,5.346264
ESP,Off,2040<,Insulation,5.346264
ESP,Hot,>1945,Insulation,2.778947368
ESP,Hot,1945-1969,Insulation,8.336581818
ESP,Hot,1970-1989,Insulation,4.96
ESP,Hot,1990-2010,Insulation,5.346264
ESP,Hot,2011-2020,Insulation,5.346264
ESP,Hot,2021-2030,Insulation,5.346264
ESP,Hot,2031-2040,Insulation,5.346264
ESP,Hot,2040<,Insulation,5.346264
ESP,Edu,>1945,Insulation,2.778947368
ESP,Edu,1945-1969,Insulation,8.336581818
ESP,Edu,1970-1989,Insulation,4.96
ESP,Edu,1990-2010,Insulation,5.346264
ESP,Edu,2011-2020,Insulation,5.346264
ESP,Edu,2021-2030,Insulation,5.346264
ESP,Edu,2031-2040,Insulation,5.346264
ESP,Edu,2040<,Insulation,5.346264
ESP,Hea,>1945,Insulation,2.778947368
ESP,Hea,1945-1969,Insulation,8.336581818
ESP,Hea,1970-1989,Insulation,4.96
ESP,Hea,1990-2010,Insulation,5.346264
ESP,Hea,2011-2020,Insulation,5.346264
ESP,Hea,2021-2030,Insulation,5.346264
ESP,Hea,2031-2040,Insulation,5.346264
ESP,Hea,2040<,Insulation,5.346264
ESP,Oth,>1945,Insulation,6.792982456
ESP,Oth,1945-1969,Insulation,5.557721212
ESP,Oth,1970-1989,Insulation,3.306666667
ESP,Oth,1990-2010,Insulation,3.564176
ESP,Oth,2011-2020,Insulation,3.564176
ESP,Oth,2021-2030,Insulation,3.564176
ESP,Oth,2031-2040,Insulation,3.564176
ESP,Oth,2040<,Insulation,3.564176
EST,SFH,>1945,Insulation,12.63434116
EST,SFH,1945-1969,Insulation,10.91532595
EST,SFH,1970-1989,Insulation,8.134575636
EST,SFH,1990-2010,Insulation,6.923404255
EST,SFH,2011-2020,Insulation,12.97777778
EST,SFH,2021-2030,Insulation,12.97777778
EST,SFH,2031-2040,Insulation,12.97777778
EST,SFH,2040<,Insulation,12.97777778
EST,MFH,>1945,Insulation,6.577587114
EST,MFH,1945-1969,Insulation,6.691979863
EST,MFH,1970-1989,Insulation,8.007735907
EST,MFH,1990-2010,Insulation,22.38512644
EST,MFH,2011-2020,Insulation,22.24256086
EST,MFH,2021-2030,Insulation,22.24256086
EST,MFH,2031-2040,Insulation,22.24256086
EST,MFH,2040<,Insulation,22.24256086
EST,Ret,>1945,Insulation,23.92344498
EST,Ret,1945-1969,Insulation,26.60494987
EST,Ret,1970-1989,Insulation,26.43534475
EST,Ret,1990-2010,Insulation,24.8
EST,Ret,2011-2020,Insulation,24.8
EST,Ret,2021-2030,Insulation,24.8
EST,Ret,2031-2040,Insulation,24.8
EST,Ret,2040<,Insulation,24.8
EST,Off,>1945,Insulation,0.88
EST,Off,1945-1969,Insulation,0.88
EST,Off,1970-1989,Insulation,11.99996747
EST,Off,1990-2010,Insulation,14.30253679
EST,Off,2011-2020,Insulation,7.016632363
EST,Off,2021-2030,Insulation,7.016632363
EST,Off,2031-2040,Insulation,7.016632363
EST,Off,2040<,Insulation,7.016632363
EST,Hot,>1945,Insulation,0.88
EST,Hot,1945-1969,Insulation,0.88
EST,Hot,1970-1989,Insulation,11.99996747
EST,Hot,1990-2010,Insulation,14.30253679
EST,Hot,2011-2020,Insulation,7.016632363
EST,Hot,2021-2030,Insulation,7.016632363
EST,Hot,2031-2040,Insulation,7.016632363
EST,Hot,2040<,Insulation,7.016632363
EST,Edu,>1945,Insulation,0.88
EST,Edu,1945-1969,Insulation,0.88
EST,Edu,1970-1989,Insulation,11.99996747
EST,Edu,1990-2010,Insulation,14.30253679
EST,Edu,2011-2020,Insulation,7.016632363
EST,Edu,2021-2030,Insulation,7.016632363
EST,Edu,2031-2040,Insulation,7.016632363
EST,Edu,2040<,Insulation,7.016632363
EST,Hea,>1945,Insulation,0.88
EST,Hea,1945-1969,Insulation,0.88
EST,Hea,1970-1989,Insulation,11.99996747
EST,Hea,1990-2010,Insulation,14.30253679
EST,Hea,2011-2020,Insulation,7.016632363
EST,Hea,2021-2030,Insulation,7.016632363
EST,Hea,2031-2040,Insulation,7.016632363
EST,Hea,2040<,Insulation,7.016632363
EST,Oth,>1945,Insulation,8.561148325
EST,Oth,1945-1969,Insulation,9.454983289
EST,Oth,1970-1989,Insulation,16.8117599
EST,Oth,1990-2010,Insulation,18.07424865
EST,Oth,2011-2020,Insulation,13.28850519
EST,Oth,2021-2030,Insulation,13.28850519
EST,Oth,2031-2040,Insulation,13.28850519
EST,Oth,2040<,Insulation,13.28850519
FIN,SFH,>1945,Insulation,12.63434116
FIN,SFH,1945-1969,Insulation,10.91532595
FIN,SFH,1970-1989,Insulation,8.134575636
FIN,SFH,1990-2010,Insulation,6.923404255
FIN,SFH,2011-2020,Insulation,12.97777778
FIN,SFH,2021-2030,Insulation,12.97777778
FIN,SFH,2031-2040,Insulation,12.97777778
FIN,SFH,2040<,Insulation,12.97777778
FIN,MFH,>1945,Insulation,6.577587114
FIN,MFH,1945-1969,Insulation,6.691979863
FIN,MFH,1970-1989,Insulation,8.007735907
FIN,MFH,1990-2010,Insulation,22.38512644
FIN,MFH,2011-2020,Insulation,22.24256086
FIN,MFH,2021-2030,Insulation,22.24256086
FIN,MFH,2031-2040,Insulation,22.24256086
FIN,MFH,2040<,Insulation,22.24256086
FIN,Ret,>1945,Insulation,23.92344498
FIN,Ret,1945-1969,Insulation,26.60494987
FIN,Ret,1970-1989,Insulation,26.43534475
FIN,Ret,1990-2010,Insulation,24.8
FIN,Ret,2011-2020,Insulation,24.8
FIN,Ret,2021-2030,Insulation,24.8
FIN,Ret,2031-2040,Insulation,24.8
FIN,Ret,2040<,Insulation,24.8
FIN,Off,>1945,Insulation,0.88
FIN,Off,1945-1969,Insulation,0.88
FIN,Off,1970-1989,Insulation,11.99996747
FIN,Off,1990-2010,Insulation,14.30253679
FIN,Off,2011-2020,Insulation,7.016632363
FIN,Off,2021-2030,Insulation,7.016632363
FIN,Off,2031-2040,Insulation,7.016632363
FIN,Off,2040<,Insulation,7.016632363
FIN,Hot,>1945,Insulation,0.88
FIN,Hot,1945-1969,Insulation,0.88
FIN,Hot,1970-1989,Insulation,11.99996747
FIN,Hot,1990-2010,Insulation,14.30253679
FIN,Hot,2011-2020,Insulation,7.016632363
FIN,Hot,2021-2030,Insulation,7.016632363
FIN,Hot,2031-2040,Insulation,7.016632363
FIN,Hot,2040<,Insulation,7.016632363
FIN,Edu,>1945,Insulation,0.88
FIN,Edu,1945-1969,Insulation,0.88
FIN,Edu,1970-1989,Insulation,11.99996747
FIN,Edu,1990-2010,Insulation,14.30253679
FIN,Edu,2011-2020,Insulation,7.016632363
FIN,Edu,2021-2030,Insulation,7.016632363
FIN,Edu,2031-2040,Insulation,7.016632363
FIN,Edu,2040<,Insulation,7.016632363
FIN,Hea,>1945,Insulation,0.88
FIN,Hea,1945-1969,Insulation,0.88
FIN,Hea,1970-1989,Insulation,11.99996747
FIN,Hea,1990-2010,Insulation,14.30253679
FIN,Hea,2011-2020,Insulation,7.016632363
FIN,Hea,2021-2030,Insulation,7.016632363
FIN,Hea,2031-2040,Insulation,7.016632363
FIN,Hea,2040<,Insulation,7.016632363
FIN,Oth,>1945,Insulation,8.561148325
FIN,Oth,1945-1969,Insulation,9.454983289
FIN,Oth,1970-1989,Insulation,16.8117599
FIN,Oth,1990-2010,Insulation,18.07424865
FIN,Oth,2011-2020,Insulation,13.28850519
FIN,Oth,2021-2030,Insulation,13.28850519
FIN,Oth,2031-2040,Insulation,13.28850519
FIN,Oth,2040<,Insulation,13.28850519
FRA,SFH,>1945,Insulation,5.617556018
FRA,SFH,1945-1969,Insulation,10.94754296
FRA,SFH,1970-1989,Insulation,10.94754296
FRA,SFH,1990-2010,Insulation,20.80717518
FRA,SFH,2011-2020,Insulation,17.75923281
FRA,SFH,2021-2030,Insulation,17.75923281
FRA,SFH,2031-2040,Insulation,17.75923281
FRA,SFH,2040<,Insulation,17.75923281
FRA,MFH,>1945,Insulation,3.424603058
FRA,MFH,1945-1969,Insulation,6.398229701
FRA,MFH,1970-1989,Insulation,5.826015196
FRA,MFH,1990-2010,Insulation,8.210723683
FRA,MFH,2011-2020,Insulation,29.50390381
FRA,MFH,2021-2030,Insulation,29.50390381
FRA,MFH,2031-2040,Insulation,29.50390381
FRA,MFH,2040<,Insulation,29.50390381
FRA,Ret,>1945,Insulation,14.82105263
FRA,Ret,1945-1969,Insulation,0
FRA,Ret,1970-1989,Insulation,0
FRA,Ret,1990-2010,Insulation,0
FRA,Ret,2011-2020,Insulation,0
FRA,Ret,2021-2030,Insulation,0
FRA,Ret,2031-2040,Insulation,0
FRA,Ret,2040<,Insulation,0
FRA,Off,>1945,Insulation,2.778947368
FRA,Off,1945-1969,Insulation,8.336581818
FRA,Off,1970-1989,Insulation,4.96
FRA,Off,1990-2010,Insulation,5.346264
FRA,Off,2011-2020,Insulation,5.346264
FRA,Off,2021-2030,Insulation,5.346264
FRA,Off,2031-2040,Insulation,5.346264
FRA,Off,2040<,Insulation,5.346264
FRA,Hot,>1945,Insulation,2.778947368
FRA,Hot,1945-1969,Insulation,8.336581818
FRA,Hot,1970-1989,Insulation,4.96
FRA,Hot,1990-2010,Insulation,5.346264
FRA,Hot,2011-2020,Insulation,5.346264
FRA,Hot,2021-2030,Insulation,5.346264
FRA,Hot,2031-2040,Insulation,5.346264
FRA,Hot,2040<,Insulation,5.346264
FRA,Edu,>1945,Insulation,2.778947368
FRA,Edu,1945-1969,Insulation,8.336581818
FRA,Edu,1970-1989,Insulation,4.96
FRA,Edu,1990-2010,Insulation,5.346264
FRA,Edu,2011-2020,Insulation,5.346264
FRA,Edu,2021-2030,Insulation,5.346264
FRA,Edu,2031-2040,Insulation,5.346264
FRA,Edu,2040<,Insulation,5.346264
FRA,Hea,>1945,Insulation,2.778947368
FRA,Hea,1945-1969,Insulation,8.336581818
FRA,Hea,1970-1989,Insulation,4.96
FRA,Hea,1990-2010,Insulation,5.346264
FRA,Hea,2011-2020,Insulation,5.346264
FRA,Hea,2021-2030,Insulation,5.346264
FRA,Hea,2031-2040,Insulation,5.346264
FRA,Hea,2040<,Insulation,5.346264
FRA,Oth,>1945,Insulation,6.792982456
FRA,Oth,1945-1969,Insulation,5.557721212
FRA,Oth,1970-1989,Insulation,3.306666667
FRA,Oth,1990-2010,Insulation,3.564176
FRA,Oth,2011-2020,Insulation,3.564176
FRA,Oth,2021-2030,Insulation,3.564176
FRA,Oth,2031-2040,Insulation,3.564176
FRA,Oth,2040<,Insulation,3.564176
GBR,SFH,>1945,Insulation,7.509333333
GBR,SFH,1945-1969,Insulation,9.422919507
GBR,SFH,1970-1989,Insulation,16.21680358
GBR,SFH,1990-2010,Insulation,18.05892114
GBR,SFH,2011-2020,Insulation,17.47326052
GBR,SFH,2021-2030,Insulation,17.47326052
GBR,SFH,2031-2040,Insulation,17.47326052
GBR,SFH,2040<,Insulation,17.47326052
GBR,MFH,>1945,Insulation,3.520352606
GBR,MFH,1945-1969,Insulation,10.13109219
GBR,MFH,1970-1989,Insulation,12.83010603
GBR,MFH,1990-2010,Insulation,12.08391214
GBR,MFH,2011-2020,Insulation,15.17078186
GBR,MFH,2021-2030,Insulation,15.17078186
GBR,MFH,2031-2040,Insulation,15.17078186
GBR,MFH,2040<,Insulation,15.17078186
GBR,Ret,>1945,Insulation,7.065853659
GBR,Ret,1945-1969,Insulation,7.065853659
GBR,Ret,1970-1989,Insulation,32.68195122
GBR,Ret,1990-2010,Insulation,32.68195122
GBR,Ret,2011-2020,Insulation,22.55631613
GBR,Ret,2021-2030,Insulation,22.55631613
GBR,Ret,2031-2040,Insulation,22.55631613
GBR,Ret,2040<,Insulation,22.55631613
GBR,Off,>1945,Insulation,3.705263158
GBR,Off,1945-1969,Insulation,5.364210526
GBR,Off,1970-1989,Insulation,19.7712
GBR,Off,1990-2010,Insulation,13.14272
GBR,Off,2011-2020,Insulation,13.14272
GBR,Off,2021-2030,Insulation,13.14272
GBR,Off,2031-2040,Insulation,13.14272
GBR,Off,2040<,Insulation,13.14272
GBR,Hot,>1945,Insulation,3.705263158
GBR,Hot,1945-1969,Insulation,5.364210526
GBR,Hot,1970-1989,Insulation,19.7712
GBR,Hot,1990-2010,Insulation,13.14272
GBR,Hot,2011-2020,Insulation,13.14272
GBR,Hot,2021-2030,Insulation,13.14272
GBR,Hot,2031-2040,Insulation,13.14272
GBR,Hot,2040<,Insulation,13.14272
GBR,Edu,>1945,Insulation,3.705263158
GBR,Edu,1945-1969,Insulation,5.364210526
GBR,Edu,1970-1989,Insulation,19.7712
GBR,Edu,1990-2010,Insulation,13.14272
GBR,Edu,2011-2020,Insulation,13.14272
GBR,Edu,2021-2030,Insulation,13.14272
GBR,Edu,2031-2040,Insulation,13.14272
GBR,Edu,2040<,Insulation,13.14272
GBR,Hea,>1945,Insulation,3.705263158
GBR,Hea,1945-1969,Insulation,5.364210526
GBR,Hea,1970-1989,Insulation,19.7712
GBR,Hea,1990-2010,Insulation,13.14272
GBR,Hea,2011-2020,Insulation,13.14272
GBR,Hea,2021-2030,Insulation,13.14272
GBR,Hea,2031-2040,Insulation,13.14272
GBR,Hea,2040<,Insulation,13.14272
GBR,Oth,>1945,Insulation,6.117993154
GBR,Oth,1945-1969,Insulation,6.886787177
GBR,Oth,1970-1989,Insulation,18.62779187
GBR,Oth,1990-2010,Insulation,14.2088052
GBR,Oth,2011-2020,Insulation,12.52119935
GBR,Oth,2021-2030,Insulation,12.52119935
GBR,Oth,2031-2040,Insulation,12.52119935
GBR,Oth,2040<,Insulation,12.52119935
GRC,SFH,>1945,Insulation,5.617556018
GRC,SFH,1945-1969,Insulation,10.94754296
GRC,SFH,1970-1989,Insulation,10.94754296
GRC,SFH,1990-2010,Insulation,20.80717518
GRC,SFH,2011-2020,Insulation,17.75923281
GRC,SFH,2021-2030,Insulation,17.75923281
GRC,SFH,2031-2040,Insulation,17.75923281
GRC,SFH,2040<,Insulation,17.75923281
GRC,MFH,>1945,Insulation,3.424603058
GRC,MFH,1945-1969,Insulation,6.398229701
GRC,MFH,1970-1989,Insulation,5.826015196
GRC,MFH,1990-2010,Insulation,8.210723683
GRC,MFH,2011-2020,Insulation,29.50390381
GRC,MFH,2021-2030,Insulation,29.50390381
GRC,MFH,2031-2040,Insulation,29.50390381
GRC,MFH,2040<,Insulation,29.50390381
GRC,Ret,>1945,Insulation,14.82105263
GRC,Ret,1945-1969,Insulation,0
GRC,Ret,1970-1989,Insulation,0
GRC,Ret,1990-2010,Insulation,0
GRC,Ret,2011-2020,Insulation,0
GRC,Ret,2021-2030,Insulation,0
GRC,Ret,2031-2040,Insulation,0
GRC,Ret,2040<,Insulation,0
GRC,Off,>1945,Insulation,2.778947368
GRC,Off,1945-1969,Insulation,8.336581818
GRC,Off,1970-1989,Insulation,4.96
GRC,Off,1990-2010,Insulation,5.346264
GRC,Off,2011-2020,Insulation,5.346264
GRC,Off,2021-2030,Insulation,5.346264
GRC,Off,2031-2040,Insulation,5.346264
GRC,Off,2040<,Insulation,5.346264
GRC,Hot,>1945,Insulation,2.778947368
GRC,Hot,1945-1969,Insulation,8.336581818
GRC,Hot,1970-1989,Insulation,4.96
GRC,Hot,1990-2010,Insulation,5.346264
GRC,Hot,2011-2020,Insulation,5.346264
GRC,Hot,2021-2030,Insulation,5.346264
GRC,Hot,2031-2040,Insulation,5.346264
GRC,Hot,2040<,Insulation,5.346264
GRC,Edu,>1945,Insulation,2.778947368
GRC,Edu,1945-1969,Insulation,8.336581818
GRC,Edu,1970-1989,Insulation,4.96
GRC,Edu,1990-2010,Insulation,5.346264
GRC,Edu,2011-2020,Insulation,5.346264
GRC,Edu,2021-2030,Insulation,5.346264
GRC,Edu,2031-2040,Insulation,5.346264
GRC,Edu,2040<,Insulation,5.346264
GRC,Hea,>1945,Insulation,2.778947368
GRC,Hea,1945-1969,Insulation,8.336581818
GRC,Hea,1970-1989,Insulation,4.96
GRC,Hea,1990-2010,Insulation,5.346264
GRC,Hea,2011-2020,Insulation,5.346264
GRC,Hea,2021-2030,Insulation,5.346264
GRC,Hea,2031-2040,Insulation,5.346264
GRC,Hea,2040<,Insulation,5.346264
GRC,Oth,>1945,Insulation,6.792982456
GRC,Oth,1945-1969,Insulation,5.557721212
GRC,Oth,1970-1989,Insulation,3.306666667
GRC,Oth,1990-2010,Insulation,3.564176
GRC,Oth,2011-2020,Insulation,3.564176
GRC,Oth,2021-2030,Insulation,3.564176
GRC,Oth,2031-2040,Insulation,3.564176
GRC,Oth,2040<,Insulation,3.564176
HRV,SFH,>1945,Insulation,5.617556018
HRV,SFH,1945-1969,Insulation,10.94754296
HRV,SFH,1970-1989,Insulation,10.94754296
HRV,SFH,1990-2010,Insulation,20.80717518
HRV,SFH,2011-2020,Insulation,17.75923281
HRV,SFH,2021-2030,Insulation,17.75923281
HRV,SFH,2031-2040,Insulation,17.75923281
HRV,SFH,2040<,Insulation,17.75923281
HRV,MFH,>1945,Insulation,3.424603058
HRV,MFH,1945-1969,Insulation,6.398229701
HRV,MFH,1970-1989,Insulation,5.826015196
HRV,MFH,1990-2010,Insulation,8.210723683
HRV,MFH,2011-2020,Insulation,29.50390381
HRV,MFH,2021-2030,Insulation,29.50390381
HRV,MFH,2031-2040,Insulation,29.50390381
HRV,MFH,2040<,Insulation,29.50390381
HRV,Ret,>1945,Insulation,14.82105263
HRV,Ret,1945-1969,Insulation,0
HRV,Ret,1970-1989,Insulation,0
HRV,Ret,1990-2010,Insulation,0
HRV,Ret,2011-2020,Insulation,0
HRV,Ret,2021-2030,Insulation,0
HRV,Ret,2031-2040,Insulation,0
HRV,Ret,2040<,Insulation,0
HRV,Off,>1945,Insulation,2.778947368
HRV,Off,1945-1969,Insulation,8.336581818
HRV,Off,1970-1989,Insulation,4.96
HRV,Off,1990-2010,Insulation,5.346264
HRV,Off,2011-2020,Insulation,5.346264
HRV,Off,2021-2030,Insulation,5.346264
HRV,Off,2031-2040,Insulation,5.346264
HRV,Off,2040<,Insulation,5.346264
HRV,Hot,>1945,Insulation,2.778947368
HRV,Hot,1945-1969,Insulation,8.336581818
HRV,Hot,1970-1989,Insulation,4.96
HRV,Hot,1990-2010,Insulation,5.346264
HRV,Hot,2011-2020,Insulation,5.346264
HRV,Hot,2021-2030,Insulation,5.346264
HRV,Hot,2031-2040,Insulation,5.346264
HRV,Hot,2040<,Insulation,5.346264
HRV,Edu,>1945,Insulation,2.778947368
HRV,Edu,1945-1969,Insulation,8.336581818
HRV,Edu,1970-1989,Insulation,4.96
HRV,Edu,1990-2010,Insulation,5.346264
HRV,Edu,2011-2020,Insulation,5.346264
HRV,Edu,2021-2030,Insulation,5.346264
HRV,Edu,2031-2040,Insulation,5.346264
HRV,Edu,2040<,Insulation,5.346264
HRV,Hea,>1945,Insulation,2.778947368
HRV,Hea,1945-1969,Insulation,8.336581818
HRV,Hea,1970-1989,Insulation,4.96
HRV,Hea,1990-2010,Insulation,5.346264
HRV,Hea,2011-2020,Insulation,5.346264
HRV,Hea,2021-2030,Insulation,5.346264
HRV,Hea,2031-2040,Insulation,5.346264
HRV,Hea,2040<,Insulation,5.346264
HRV,Oth,>1945,Insulation,6.792982456
HRV,Oth,1945-1969,Insulation,5.557721212
HRV,Oth,1970-1989,Insulation,3.306666667
HRV,Oth,1990-2010,Insulation,3.564176
HRV,Oth,2011-2020,Insulation,3.564176
HRV,Oth,2021-2030,Insulation,3.564176
HRV,Oth,2031-2040,Insulation,3.564176
HRV,Oth,2040<,Insulation,3.564176
HUN,SFH,>1945,Insulation,7.509333333
HUN,SFH,1945-1969,Insulation,9.422919507
HUN,SFH,1970-1989,Insulation,16.21680358
HUN,SFH,1990-2010,Insulation,18.05892114
HUN,SFH,2011-2020,Insulation,17.47326052
HUN,SFH,2021-2030,Insulation,17.47326052
HUN,SFH,2031-2040,Insulation,17.47326052
HUN,SFH,2040<,Insulation,17.47326052
HUN,MFH,>1945,Insulation,3.520352606
HUN,MFH,1945-1969,Insulation,10.13109219
HUN,MFH,1970-1989,Insulation,12.83010603
HUN,MFH,1990-2010,Insulation,12.08391214
HUN,MFH,2011-2020,Insulation,15.17078186
HUN,MFH,2021-2030,Insulation,15.17078186
HUN,MFH,2031-2040,Insulation,15.17078186
HUN,MFH,2040<,Insulation,15.17078186
HUN,Ret,>1945,Insulation,7.065853659
HUN,Ret,1945-1969,Insulation,7.065853659
HUN,Ret,1970-1989,Insulation,32.68195122
HUN,Ret,1990-2010,Insulation,32.68195122
HUN,Ret,2011-2020,Insulation,22.55631613
HUN,Ret,2021-2030,Insulation,22.55631613
HUN,Ret,2031-2040,Insulation,22.55631613
HUN,Ret,2040<,Insulation,22.55631613
HUN,Off,>1945,Insulation,3.705263158
HUN,Off,1945-1969,Insulation,5.364210526
HUN,Off,1970-1989,Insulation,19.7712
HUN,Off,1990-2010,Insulation,13.14272
HUN,Off,2011-2020,Insulation,13.14272
HUN,Off,2021-2030,Insulation,13.14272
HUN,Off,2031-2040,Insulation,13.14272
HUN,Off,2040<,Insulation,13.14272
HUN,Hot,>1945,Insulation,3.705263158
HUN,Hot,1945-1969,Insulation,5.364210526
HUN,Hot,1970-1989,Insulation,19.7712
HUN,Hot,1990-2010,Insulation,13.14272
HUN,Hot,2011-2020,Insulation,13.14272
HUN,Hot,2021-2030,Insulation,13.14272
HUN,Hot,2031-2040,Insulation,13.14272
HUN,Hot,2040<,Insulation,13.14272
HUN,Edu,>1945,Insulation,3.705263158
HUN,Edu,1945-1969,Insulation,5.364210526
HUN,Edu,1970-1989,Insulation,19.7712
HUN,Edu,1990-2010,Insulation,13.14272
HUN,Edu,2011-2020,Insulation,13.14272
HUN,Edu,2021-2030,Insulation,13.14272
HUN,Edu,2031-2040,Insulation,13.14272
HUN,Edu,2040<,Insulation,13.14272
HUN,Hea,>1945,Insulation,3.705263158
HUN,Hea,1945-1969,Insulation,5.364210526
HUN,Hea,1970-1989,Insulation,19.7712
HUN,Hea,1990-2010,Insulation,13.14272
HUN,Hea,2011-2020,Insulation,13.14272
HUN,Hea,2021-2030,Insulation,13.14272
HUN,Hea,2031-2040,Insulation,13.14272
HUN,Hea,2040<,Insulation,13.14272
HUN,Oth,>1945,Insulation,6.117993154
HUN,Oth,1945-1969,Insulation,6.886787177
HUN,Oth,1970-1989,Insulation,18.62779187
HUN,Oth,1990-2010,Insulation,14.2088052
HUN,Oth,2011-2020,Insulation,12.52119935
HUN,Oth,2021-2030,Insulation,12.52119935
HUN,Oth,2031-2040,Insulation,12.52119935
HUN,Oth,2040<,Insulation,12.52119935
IRL,SFH,>1945,Insulation,7.509333333
IRL,SFH,1945-1969,Insulation,9.422919507
IRL,SFH,1970-1989,Insulation,16.21680358
IRL,SFH,1990-2010,Insulation,18.05892114
IRL,SFH,2011-2020,Insulation,17.47326052
IRL,SFH,2021-2030,Insulation,17.47326052
IRL,SFH,2031-2040,Insulation,17.47326052
IRL,SFH,2040<,Insulation,17.47326052
IRL,MFH,>1945,Insulation,3.520352606
IRL,MFH,1945-1969,Insulation,10.13109219
IRL,MFH,1970-1989,Insulation,12.83010603
IRL,MFH,1990-2010,Insulation,12.08391214
IRL,MFH,2011-2020,Insulation,15.17078186
IRL,MFH,2021-2030,Insulation,15.17078186
IRL,MFH,2031-2040,Insulation,15.17078186
IRL,MFH,2040<,Insulation,15.17078186
IRL,Ret,>1945,Insulation,7.065853659
IRL,Ret,1945-1969,Insulation,7.065853659
IRL,Ret,1970-1989,Insulation,32.68195122
IRL,Ret,1990-2010,Insulation,32.68195122
IRL,Ret,2011-2020,Insulation,22.55631613
IRL,Ret,2021-2030,Insulation,22.55631613
IRL,Ret,2031-2040,Insulation,22.55631613
IRL,Ret,2040<,Insulation,22.55631613
IRL,Off,>1945,Insulation,3.705263158
IRL,Off,1945-1969,Insulation,5.364210526
IRL,Off,1970-1989,Insulation,19.7712
IRL,Off,1990-2010,Insulation,13.14272
IRL,Off,2011-2020,Insulation,13.14272
IRL,Off,2021-2030,Insulation,13.14272
IRL,Off,2031-2040,Insulation,13.14272
IRL,Off,2040<,Insulation,13.14272
IRL,Hot,>1945,Insulation,3.705263158
IRL,Hot,1945-1969,Insulation,5.364210526
IRL,Hot,1970-1989,Insulation,19.7712
IRL,Hot,1990-2010,Insulation,13.14272
IRL,Hot,2011-2020,Insulation,13.14272
IRL,Hot,2021-2030,Insulation,13.14272
IRL,Hot,2031-2040,Insulation,13.14272
IRL,Hot,2040<,Insulation,13.14272
IRL,Edu,>1945,Insulation,3.705263158
IRL,Edu,1945-1969,Insulation,5.364210526
IRL,Edu,1970-1989,Insulation,19.7712
IRL,Edu,1990-2010,Insulation,13.14272
IRL,Edu,2011-2020,Insulation,13.14272
IRL,Edu,2021-2030,Insulation,13.14272
IRL,Edu,2031-2040,Insulation,13.14272
IRL,Edu,2040<,Insulation,13.14272
IRL,Hea,>1945,Insulation,3.705263158
IRL,Hea,1945-1969,Insulation,5.364210526
IRL,Hea,1970-1989,Insulation,19.7712
IRL,Hea,1990-2010,Insulation,13.14272
IRL,Hea,2011-2020,Insulation,13.14272
IRL,Hea,2021-2030,Insulation,13.14272
IRL,Hea,2031-2040,Insulation,13.14272
IRL,Hea,2040<,Insulation,13.14272
IRL,Oth,>1945,Insulation,6.117993154
IRL,Oth,1945-1969,Insulation,6.886787177
IRL,Oth,1970-1989,Insulation,18.62779187
IRL,Oth,1990-2010,Insulation,14.2088052
IRL,Oth,2011-2020,Insulation,12.52119935
IRL,Oth,2021-2030,Insulation,12.52119935
IRL,Oth,2031-2040,Insulation,12.52119935
IRL,Oth,2040<,Insulation,12.52119935
ITA,SFH,>1945,Insulation,5.617556018
ITA,SFH,1945-1969,Insulation,10.94754296
ITA,SFH,1970-1989,Insulation,10.94754296
ITA,SFH,1990-2010,Insulation,20.80717518
ITA,SFH,2011-2020,Insulation,17.75923281
ITA,SFH,2021-2030,Insulation,17.75923281
ITA,SFH,2031-2040,Insulation,17.75923281
ITA,SFH,2040<,Insulation,17.75923281
ITA,MFH,>1945,Insulation,3.424603058
ITA,MFH,1945-1969,Insulation,6.398229701
ITA,MFH,1970-1989,Insulation,5.826015196
ITA,MFH,1990-2010,Insulation,8.210723683
ITA,MFH,2011-2020,Insulation,29.50390381
ITA,MFH,2021-2030,Insulation,29.50390381
ITA,MFH,2031-2040,Insulation,29.50390381
ITA,MFH,2040<,Insulation,29.50390381
ITA,Ret,>1945,Insulation,14.82105263
ITA,Ret,1945-1969,Insulation,0
ITA,Ret,1970-1989,Insulation,0
ITA,Ret,1990-2010,Insulation,0
ITA,Ret,2011-2020,Insulation,0
ITA,Ret,2021-2030,Insulation,0
ITA,Ret,2031-2040,Insulation,0
ITA,Ret,2040<,Insulation,0
ITA,Off,>1945,Insulation,2.778947368
ITA,Off,1945-1969,Insulation,8.336581818
ITA,Off,1970-1989,Insulation,4.96
ITA,Off,1990-2010,Insulation,5.346264
ITA,Off,2011-2020,Insulation,5.346264
ITA,Off,2021-2030,Insulation,5.346264
ITA,Off,2031-2040,Insulation,5.346264
ITA,Off,2040<,Insulation,5.346264
ITA,Hot,>1945,Insulation,2.778947368
ITA,Hot,1945-1969,Insulation,8.336581818
ITA,Hot,1970-1989,Insulation,4.96
ITA,Hot,1990-2010,Insulation,5.346264
ITA,Hot,2011-2020,Insulation,5.346264
ITA,Hot,2021-2030,Insulation,5.346264
ITA,Hot,2031-2040,Insulation,5.346264
ITA,Hot,2040<,Insulation,5.346264
ITA,Edu,>1945,Insulation,2.778947368
ITA,Edu,1945-1969,Insulation,8.336581818
ITA,Edu,1970-1989,Insulation,4.96
ITA,Edu,1990-2010,Insulation,5.346264
ITA,Edu,2011-2020,Insulation,5.346264
ITA,Edu,2021-2030,Insulation,5.346264
ITA,Edu,2031-2040,Insulation,5.346264
ITA,Edu,2040<,Insulation,5.346264
ITA,Hea,>1945,Insulation,2.778947368
ITA,Hea,1945-1969,Insulation,8.336581818
ITA,Hea,1970-1989,Insulation,4.96
ITA,Hea,1990-2010,Insulation,5.346264
ITA,Hea,2011-2020,Insulation,5.346264
ITA,Hea,2021-2030,Insulation,5.346264
ITA,Hea,2031-2040,Insulation,5.346264
ITA,Hea,2040<,Insulation,5.346264
ITA,Oth,>1945,Insulation,6.792982456
ITA,Oth,1945-1969,Insulation,5.557721212
ITA,Oth,1970-1989,Insulation,3.306666667
ITA,Oth,1990-2010,Insulation,3.564176
ITA,Oth,2011-2020,Insulation,3.564176
ITA,Oth,2021-2030,Insulation,3.564176
ITA,Oth,2031-2040,Insulation,3.564176
ITA,Oth,2040<,Insulation,3.564176
LTU,SFH,>1945,Insulation,12.63434116
LTU,SFH,1945-1969,Insulation,10.91532595
LTU,SFH,1970-1989,Insulation,8.134575636
LTU,SFH,1990-2010,Insulation,6.923404255
LTU,SFH,2011-2020,Insulation,12.97777778
LTU,SFH,2021-2030,Insulation,12.97777778
LTU,SFH,2031-2040,Insulation,12.97777778
LTU,SFH,2040<,Insulation,12.97777778
LTU,MFH,>1945,Insulation,6.577587114
LTU,MFH,1945-1969,Insulation,6.691979863
LTU,MFH,1970-1989,Insulation,8.007735907
LTU,MFH,1990-2010,Insulation,22.38512644
LTU,MFH,2011-2020,Insulation,22.24256086
LTU,MFH,2021-2030,Insulation,22.24256086
LTU,MFH,2031-2040,Insulation,22.24256086
LTU,MFH,2040<,Insulation,22.24256086
LTU,Ret,>1945,Insulation,23.92344498
LTU,Ret,1945-1969,Insulation,26.60494987
LTU,Ret,1970-1989,Insulation,26.43534475
LTU,Ret,1990-2010,Insulation,24.8
LTU,Ret,2011-2020,Insulation,24.8
LTU,Ret,2021-2030,Insulation,24.8
LTU,Ret,2031-2040,Insulation,24.8
LTU,Ret,2040<,Insulation,24.8
LTU,Off,>1945,Insulation,0.88
LTU,Off,1945-1969,Insulation,0.88
LTU,Off,1970-1989,Insulation,11.99996747
LTU,Off,1990-2010,Insulation,14.30253679
LTU,Off,2011-2020,Insulation,7.016632363
LTU,Off,2021-2030,Insulation,7.016632363
LTU,Off,2031-2040,Insulation,7.016632363
LTU,Off,2040<,Insulation,7.016632363
LTU,Hot,>1945,Insulation,0.88
LTU,Hot,1945-1969,Insulation,0.88
LTU,Hot,1970-1989,Insulation,11.99996747
LTU,Hot,1990-2010,Insulation,14.30253679
LTU,Hot,2011-2020,Insulation,7.016632363
LTU,Hot,2021-2030,Insulation,7.016632363
LTU,Hot,2031-2040,Insulation,7.016632363
LTU,Hot,2040<,Insulation,7.016632363
LTU,Edu,>1945,Insulation,0.88
LTU,Edu,1945-1969,Insulation,0.88
LTU,Edu,1970-1989,Insulation,11.99996747
LTU,Edu,1990-2010,Insulation,14.30253679
LTU,Edu,2011-2020,Insulation,7.016632363
LTU,Edu,2021-2030,Insulation,7.016632363
LTU,Edu,2031-2040,Insulation,7.016632363
LTU,Edu,2040<,Insulation,7.016632363
LTU,Hea,>1945,Insulation,0.88
LTU,Hea,1945-1969,Insulation,0.88
LTU,Hea,1970-1989,Insulation,11.99996747
LTU,Hea,1990-2010,Insulation,14.30253679
LTU,Hea,2011-2020,Insulation,7.016632363
LTU,Hea,2021-2030,Insulation,7.016632363
LTU,Hea,2031-2040,Insulation,7.016632363
LTU,Hea,2040<,Insulation,7.016632363
LTU,Oth,>1945,Insulation,8.561148325
LTU,Oth,1945-1969,Insulation,9.454983289
LTU,Oth,1970-1989,Insulation,16.8117599
LTU,Oth,1990-2010,Insulation,18.07424865
LTU,Oth,2011-2020,Insulation,13.28850519
LTU,Oth,2021-2030,Insulation,13.28850519
LTU,Oth,2031-2040,Insulation,13.28850519
LTU,Oth,2040<,Insulation,13.28850519
LUX,SFH,>1945,Insulation,7.509333333
LUX,SFH,1945-1969,Insulation,9.422919507
LUX,SFH,1970-1989,Insulation,16.21680358
LUX,SFH,1990-2010,Insulation,18.05892114
LUX,SFH,2011-2020,Insulation,17.47326052
LUX,SFH,2021-2030,Insulation,17.47326052
LUX,SFH,2031-2040,Insulation,17.47326052
LUX,SFH,2040<,Insulation,17.47326052
LUX,MFH,>1945,Insulation,3.520352606
LUX,MFH,1945-1969,Insulation,10.13109219
LUX,MFH,1970-1989,Insulation,12.83010603
LUX,MFH,1990-2010,Insulation,12.08391214
LUX,MFH,2011-2020,Insulation,15.17078186
LUX,MFH,2021-2030,Insulation,15.17078186
LUX,MFH,2031-2040,Insulation,15.17078186
LUX,MFH,2040<,Insulation,15.17078186
LUX,Ret,>1945,Insulation,7.065853659
LUX,Ret,1945-1969,Insulation,7.065853659
LUX,Ret,1970-1989,Insulation,32.68195122
LUX,Ret,1990-2010,Insulation,32.68195122
LUX,Ret,2011-2020,Insulation,22.55631613
LUX,Ret,2021-2030,Insulation,22.55631613
LUX,Ret,2031-2040,Insulation,22.55631613
LUX,Ret,2040<,Insulation,22.55631613
LUX,Off,>1945,Insulation,3.705263158
LUX,Off,1945-1969,Insulation,5.364210526
LUX,Off,1970-1989,Insulation,19.7712
LUX,Off,1990-2010,Insulation,13.14272
LUX,Off,2011-2020,Insulation,13.14272
LUX,Off,2021-2030,Insulation,13.14272
LUX,Off,2031-2040,Insulation,13.14272
LUX,Off,2040<,Insulation,13.14272
LUX,Hot,>1945,Insulation,3.705263158
LUX,Hot,1945-1969,Insulation,5.364210526
LUX,Hot,1970-1989,Insulation,19.7712
LUX,Hot,1990-2010,Insulation,13.14272
LUX,Hot,2011-2020,Insulation,13.14272
LUX,Hot,2021-2030,Insulation,13.14272
LUX,Hot,2031-2040,Insulation,13.14272
LUX,Hot,2040<,Insulation,13.14272
LUX,Edu,>1945,Insulation,3.705263158
LUX,Edu,1945-1969,Insulation,5.364210526
LUX,Edu,1970-1989,Insulation,19.7712
LUX,Edu,1990-2010,Insulation,13.14272
LUX,Edu,2011-2020,Insulation,13.14272
LUX,Edu,2021-2030,Insulation,13.14272
LUX,Edu,2031-2040,Insulation,13.14272
LUX,Edu,2040<,Insulation,13.14272
LUX,Hea,>1945,Insulation,3.705263158
LUX,Hea,1945-1969,Insulation,5.364210526
LUX,Hea,1970-1989,Insulation,19.7712
LUX,Hea,1990-2010,Insulation,13.14272
LUX,Hea,2011-2020,Insulation,13.14272
LUX,Hea,2021-2030,Insulation,13.14272
LUX,Hea,2031-2040,Insulation,13.14272
LUX,Hea,2040<,Insulation,13.14272
LUX,Oth,>1945,Insulation,6.117993154
LUX,Oth,1945-1969,Insulation,6.886787177
LUX,Oth,1970-1989,Insulation,18.62779187
LUX,Oth,1990-2010,Insulation,14.2088052
LUX,Oth,2011-2020,Insulation,12.52119935
LUX,Oth,2021-2030,Insulation,12.52119935
LUX,Oth,2031-2040,Insulation,12.52119935
LUX,Oth,2040<,Insulation,12.52119935
LVA,SFH,>1945,Insulation,12.63434116
LVA,SFH,1945-1969,Insulation,10.91532595
LVA,SFH,1970-1989,Insulation,8.134575636
LVA,SFH,1990-2010,Insulation,6.923404255
LVA,SFH,2011-2020,Insulation,12.97777778
LVA,SFH,2021-2030,Insulation,12.97777778
LVA,SFH,2031-2040,Insulation,12.97777778
LVA,SFH,2040<,Insulation,12.97777778
LVA,MFH,>1945,Insulation,6.577587114
LVA,MFH,1945-1969,Insulation,6.691979863
LVA,MFH,1970-1989,Insulation,8.007735907
LVA,MFH,1990-2010,Insulation,22.38512644
LVA,MFH,2011-2020,Insulation,22.24256086
LVA,MFH,2021-2030,Insulation,22.24256086
LVA,MFH,2031-2040,Insulation,22.24256086
LVA,MFH,2040<,Insulation,22.24256086
LVA,Ret,>1945,Insulation,23.92344498
LVA,Ret,1945-1969,Insulation,26.60494987
LVA,Ret,1970-1989,Insulation,26.43534475
LVA,Ret,1990-2010,Insulation,24.8
LVA,Ret,2011-2020,Insulation,24.8
LVA,Ret,2021-2030,Insulation,24.8
LVA,Ret,2031-2040,Insulation,24.8
LVA,Ret,2040<,Insulation,24.8
LVA,Off,>1945,Insulation,0.88
LVA,Off,1945-1969,Insulation,0.88
LVA,Off,1970-1989,Insulation,11.99996747
LVA,Off,1990-2010,Insulation,14.30253679
LVA,Off,2011-2020,Insulation,7.016632363
LVA,Off,2021-2030,Insulation,7.016632363
LVA,Off,2031-2040,Insulation,7.016632363
LVA,Off,2040<,Insulation,7.016632363
LVA,Hot,>1945,Insulation,0.88
LVA,Hot,1945-1969,Insulation,0.88
LVA,Hot,1970-1989,Insulation,11.99996747
LVA,Hot,1990-2010,Insulation,14.30253679
LVA,Hot,2011-2020,Insulation,7.016632363
LVA,Hot,2021-2030,Insulation,7.016632363
LVA,Hot,2031-2040,Insulation,7.016632363
LVA,Hot,2040<,Insulation,7.016632363
LVA,Edu,>1945,Insulation,0.88
LVA,Edu,1945-1969,Insulation,0.88
LVA,Edu,1970-1989,Insulation,11.99996747
LVA,Edu,1990-2010,Insulation,14.30253679
LVA,Edu,2011-2020,Insulation,7.016632363
LVA,Edu,2021-2030,Insulation,7.016632363
LVA,Edu,2031-2040,Insulation,7.016632363
LVA,Edu,2040<,Insulation,7.016632363
LVA,Hea,>1945,Insulation,0.88
LVA,Hea,1945-1969,Insulation,0.88
LVA,Hea,1970-1989,Insulation,11.99996747
LVA,Hea,1990-2010,Insulation,14.30253679
LVA,Hea,2011-2020,Insulation,7.016632363
LVA,Hea,2021-2030,Insulation,7.016632363
LVA,Hea,2031-2040,Insulation,7.016632363
LVA,Hea,2040<,Insulation,7.016632363
LVA,Oth,>1945,Insulation,8.561148325
LVA,Oth,1945-1969,Insulation,9.454983289
LVA,Oth,1970-1989,Insulation,16.8117599
LVA,Oth,1990-2010,Insulation,18.07424865
LVA,Oth,2011-2020,Insulation,13.28850519
LVA,Oth,2021-2030,Insulation,13.28850519
LVA,Oth,2031-2040,Insulation,13.28850519
LVA,Oth,2040<,Insulation,13.28850519
MLT,SFH,>1945,Insulation,5.617556018
MLT,SFH,1945-1969,Insulation,10.94754296
MLT,SFH,1970-1989,Insulation,10.94754296
MLT,SFH,1990-2010,Insulation,20.80717518
MLT,SFH,2011-2020,Insulation,17.75923281
MLT,SFH,2021-2030,Insulation,17.75923281
MLT,SFH,2031-2040,Insulation,17.75923281
MLT,SFH,2040<,Insulation,17.75923281
MLT,MFH,>1945,Insulation,3.424603058
MLT,MFH,1945-1969,Insulation,6.398229701
MLT,MFH,1970-1989,Insulation,5.826015196
MLT,MFH,1990-2010,Insulation,8.210723683
MLT,MFH,2011-2020,Insulation,29.50390381
MLT,MFH,2021-2030,Insulation,29.50390381
MLT,MFH,2031-2040,Insulation,29.50390381
MLT,MFH,2040<,Insulation,29.50390381
MLT,Ret,>1945,Insulation,14.82105263
MLT,Ret,1945-1969,Insulation,0
MLT,Ret,1970-1989,Insulation,0
MLT,Ret,1990-2010,Insulation,0
MLT,Ret,2011-2020,Insulation,0
MLT,Ret,2021-2030,Insulation,0
MLT,Ret,2031-2040,Insulation,0
MLT,Ret,2040<,Insulation,0
MLT,Off,>1945,Insulation,2.778947368
MLT,Off,1945-1969,Insulation,8.336581818
MLT,Off,1970-1989,Insulation,4.96
MLT,Off,1990-2010,Insulation,5.346264
MLT,Off,2011-2020,Insulation,5.346264
MLT,Off,2021-2030,Insulation,5.346264
MLT,Off,2031-2040,Insulation,5.346264
MLT,Off,2040<,Insulation,5.346264
MLT,Hot,>1945,Insulation,2.778947368
MLT,Hot,1945-1969,Insulation,8.336581818
MLT,Hot,1970-1989,Insulation,4.96
MLT,Hot,1990-2010,Insulation,5.346264
MLT,Hot,2011-2020,Insulation,5.346264
MLT,Hot,2021-2030,Insulation,5.346264
MLT,Hot,2031-2040,Insulation,5.346264
MLT,Hot,2040<,Insulation,5.346264
MLT,Edu,>1945,Insulation,2.778947368
MLT,Edu,1945-1969,Insulation,8.336581818
MLT,Edu,1970-1989,Insulation,4.96
MLT,Edu,1990-2010,Insulation,5.346264
MLT,Edu,2011-2020,Insulation,5.346264
MLT,Edu,2021-2030,Insulation,5.346264
MLT,Edu,2031-2040,Insulation,5.346264
MLT,Edu,2040<,Insulation,5.346264
MLT,Hea,>1945,Insulation,2.778947368
MLT,Hea,1945-1969,Insulation,8.336581818
MLT,Hea,1970-1989,Insulation,4.96
MLT,Hea,1990-2010,Insulation,5.346264
MLT,Hea,2011-2020,Insulation,5.346264
MLT,Hea,2021-2030,Insulation,5.346264
MLT,Hea,2031-2040,Insulation,5.346264
MLT,Hea,2040<,Insulation,5.346264
MLT,Oth,>1945,Insulation,6.792982456
MLT,Oth,1945-1969,Insulation,5.557721212
MLT,Oth,1970-1989,Insulation,3.306666667
MLT,Oth,1990-2010,Insulation,3.564176
MLT,Oth,2011-2020,Insulation,3.564176
MLT,Oth,2021-2030,Insulation,3.564176
MLT,Oth,2031-2040,Insulation,3.564176
MLT,Oth,2040<,Insulation,3.564176
NLD,SFH,>1945,Insulation,7.509333333
NLD,SFH,1945-1969,Insulation,9.422919507
NLD,SFH,1970-1989,Insulation,16.21680358
NLD,SFH,1990-2010,Insulation,18.05892114
NLD,SFH,2011-2020,Insulation,17.47326052
NLD,SFH,2021-2030,Insulation,17.47326052
NLD,SFH,2031-2040,Insulation,17.47326052
NLD,SFH,2040<,Insulation,17.47326052
NLD,MFH,>1945,Insulation,3.520352606
NLD,MFH,1945-1969,Insulation,10.13109219
NLD,MFH,1970-1989,Insulation,12.83010603
NLD,MFH,1990-2010,Insulation,12.08391214
NLD,MFH,2011-2020,Insulation,15.17078186
NLD,MFH,2021-2030,Insulation,15.17078186
NLD,MFH,2031-2040,Insulation,15.17078186
NLD,MFH,2040<,Insulation,15.17078186
NLD,Ret,>1945,Insulation,7.065853659
NLD,Ret,1945-1969,Insulation,7.065853659
NLD,Ret,1970-1989,Insulation,32.68195122
NLD,Ret,1990-2010,Insulation,32.68195122
NLD,Ret,2011-2020,Insulation,22.55631613
NLD,Ret,2021-2030,Insulation,22.55631613
NLD,Ret,2031-2040,Insulation,22.55631613
NLD,Ret,2040<,Insulation,22.55631613
NLD,Off,>1945,Insulation,3.705263158
NLD,Off,1945-1969,Insulation,5.364210526
NLD,Off,1970-1989,Insulation,19.7712
NLD,Off,1990-2010,Insulation,13.14272
NLD,Off,2011-2020,Insulation,13.14272
NLD,Off,2021-2030,Insulation,13.14272
NLD,Off,2031-2040,Insulation,13.14272
NLD,Off,2040<,Insulation,13.14272
NLD,Hot,>1945,Insulation,3.705263158
NLD,Hot,1945-1969,Insulation,5.364210526
NLD,Hot,1970-1989,Insulation,19.7712
NLD,Hot,1990-2010,Insulation,13.14272
NLD,Hot,2011-2020,Insulation,13.14272
NLD,Hot,2021-2030,Insulation,13.14272
NLD,Hot,2031-2040,Insulation,13.14272
NLD,Hot,2040<,Insulation,13.14272
NLD,Edu,>1945,Insulation,3.705263158
NLD,Edu,1945-1969,Insulation,5.364210526
NLD,Edu,1970-1989,Insulation,19.7712
NLD,Edu,1990-2010,Insulation,13.14272
NLD,Edu,2011-2020,Insulation,13.14272
NLD,Edu,2021-2030,Insulation,13.14272
NLD,Edu,2031-2040,Insulation,13.14272
NLD,Edu,2040<,Insulation,13.14272
NLD,Hea,>1945,Insulation,3.705263158
NLD,Hea,1945-1969,Insulation,5.364210526
NLD,Hea,1970-1989,Insulation,19.7712
NLD,Hea,1990-2010,Insulation,13.14272
NLD,Hea,2011-2020,Insulation,13.14272
NLD,Hea,2021-2030,Insulation,13.14272
NLD,Hea,2031-2040,Insulation,13.14272
NLD,Hea,2040<,Insulation,13.14272
NLD,Oth,>1945,Insulation,6.117993154
NLD,Oth,1945-1969,Insulation,6.886787177
NLD,Oth,1970-1989,Insulation,18.62779187
NLD,Oth,1990-2010,Insulation,14.2088052
NLD,Oth,2011-2020,Insulation,12.52119935
NLD,Oth,2021-2030,Insulation,12.52119935
NLD,Oth,2031-2040,Insulation,12.52119935
NLD,Oth,2040<,Insulation,12.52119935
POL,SFH,>1945,Insulation,7.509333333
POL,SFH,1945-1969,Insulation,9.422919507
POL,SFH,1970-1989,Insulation,16.21680358
POL,SFH,1990-2010,Insulation,18.05892114
POL,SFH,2011-2020,Insulation,17.47326052
POL,SFH,2021-2030,Insulation,17.47326052
POL,SFH,2031-2040,Insulation,17.47326052
POL,SFH,2040<,Insulation,17.47326052
POL,MFH,>1945,Insulation,3.520352606
POL,MFH,1945-1969,Insulation,10.13109219
POL,MFH,1970-1989,Insulation,12.83010603
POL,MFH,1990-2010,Insulation,12.08391214
POL,MFH,2011-2020,Insulation,15.17078186
POL,MFH,2021-2030,Insulation,15.17078186
POL,MFH,2031-2040,Insulation,15.17078186
POL,MFH,2040<,Insulation,15.17078186
POL,Ret,>1945,Insulation,7.065853659
POL,Ret,1945-1969,Insulation,7.065853659
POL,Ret,1970-1989,Insulation,32.68195122
POL,Ret,1990-2010,Insulation,32.68195122
POL,Ret,2011-2020,Insulation,22.55631613
POL,Ret,2021-2030,Insulation,22.55631613
POL,Ret,2031-2040,Insulation,22.55631613
POL,Ret,2040<,Insulation,22.55631613
POL,Off,>1945,Insulation,3.705263158
POL,Off,1945-1969,Insulation,5.364210526
POL,Off,1970-1989,Insulation,19.7712
POL,Off,1990-2010,Insulation,13.14272
POL,Off,2011-2020,Insulation,13.14272
POL,Off,2021-2030,Insulation,13.14272
POL,Off,2031-2040,Insulation,13.14272
POL,Off,2040<,Insulation,13.14272
POL,Hot,>1945,Insulation,3.705263158
POL,Hot,1945-1969,Insulation,5.364210526
POL,Hot,1970-1989,Insulation,19.7712
POL,Hot,1990-2010,Insulation,13.14272
POL,Hot,2011-2020,Insulation,13.14272
POL,Hot,2021-2030,Insulation,13.14272
POL,Hot,2031-2040,Insulation,13.14272
POL,Hot,2040<,Insulation,13.14272
POL,Edu,>1945,Insulation,3.705263158
POL,Edu,1945-1969,Insulation,5.364210526
POL,Edu,1970-1989,Insulation,19.7712
POL,Edu,1990-2010,Insulation,13.14272
POL,Edu,2011-2020,Insulation,13.14272
POL,Edu,2021-2030,Insulation,13.14272
POL,Edu,2031-2040,Insulation,13.14272
POL,Edu,2040<,Insulation,13.14272
POL,Hea,>1945,Insulation,3.705263158
POL,Hea,1945-1969,Insulation,5.364210526
POL,Hea,1970-1989,Insulation,19.7712
POL,Hea,1990-2010,Insulation,13.14272
POL,Hea,2011-2020,Insulation,13.14272
POL,Hea,2021-2030,Insulation,13.14272
POL,Hea,2031-2040,Insulation,13.14272
POL,Hea,2040<,Insulation,13.14272
POL,Oth,>1945,Insulation,6.117993154
POL,Oth,1945-1969,Insulation,6.886787177
POL,Oth,1970-1989,Insulation,18.62779187
POL,Oth,1990-2010,Insulation,14.2088052
POL,Oth,2011-2020,Insulation,12.52119935
POL,Oth,2021-2030,Insulation,12.52119935
POL,Oth,2031-2040,Insulation,12.52119935
POL,Oth,2040<,Insulation,12.52119935
PRT,SFH,>1945,Insulation,5.617556018
PRT,SFH,1945-1969,Insulation,10.94754296
PRT,SFH,1970-1989,Insulation,10.94754296
PRT,SFH,1990-2010,Insulation,20.80717518
PRT,SFH,2011-2020,Insulation,17.75923281
PRT,SFH,2021-2030,Insulation,17.75923281
PRT,SFH,2031-2040,Insulation,17.75923281
PRT,SFH,2040<,Insulation,17.75923281
PRT,MFH,>1945,Insulation,3.424603058
PRT,MFH,1945-1969,Insulation,6.398229701
PRT,MFH,1970-1989,Insulation,5.826015196
PRT,MFH,1990-2010,Insulation,8.210723683
PRT,MFH,2011-2020,Insulation,29.50390381
PRT,MFH,2021-2030,Insulation,29.50390381
PRT,MFH,2031-2040,Insulation,29.50390381
PRT,MFH,2040<,Insulation,29.50390381
PRT,Ret,>1945,Insulation,14.82105263
PRT,Ret,1945-1969,Insulation,0
PRT,Ret,1970-1989,Insulation,0
PRT,Ret,1990-2010,Insulation,0
PRT,Ret,2011-2020,Insulation,0
PRT,Ret,2021-2030,Insulation,0
PRT,Ret,2031-2040,Insulation,0
PRT,Ret,2040<,Insulation,0
PRT,Off,>1945,Insulation,2.778947368
PRT,Off,1945-1969,Insulation,8.336581818
PRT,Off,1970-1989,Insulation,4.96
PRT,Off,1990-2010,Insulation,5.346264
PRT,Off,2011-2020,Insulation,5.346264
PRT,Off,2021-2030,Insulation,5.346264
PRT,Off,2031-2040,Insulation,5.346264
PRT,Off,2040<,Insulation,5.346264
PRT,Hot,>1945,Insulation,2.778947368
PRT,Hot,1945-1969,Insulation,8.336581818
PRT,Hot,1970-1989,Insulation,4.96
PRT,Hot,1990-2010,Insulation,5.346264
PRT,Hot,2011-2020,Insulation,5.346264
PRT,Hot,2021-2030,Insulation,5.346264
PRT,Hot,2031-2040,Insulation,5.346264
PRT,Hot,2040<,Insulation,5.346264
PRT,Edu,>1945,Insulation,2.778947368
PRT,Edu,1945-1969,Insulation,8.336581818
PRT,Edu,1970-1989,Insulation,4.96
PRT,Edu,1990-2010,Insulation,5.346264
PRT,Edu,2011-2020,Insulation,5.346264
PRT,Edu,2021-2030,Insulation,5.346264
PRT,Edu,2031-2040,Insulation,5.346264
PRT,Edu,2040<,Insulation,5.346264
PRT,Hea,>1945,Insulation,2.778947368
PRT,Hea,1945-1969,Insulation,8.336581818
PRT,Hea,1970-1989,Insulation,4.96
PRT,Hea,1990-2010,Insulation,5.346264
PRT,Hea,2011-2020,Insulation,5.346264
PRT,Hea,2021-2030,Insulation,5.346264
PRT,Hea,2031-2040,Insulation,5.346264
PRT,Hea,2040<,Insulation,5.346264
PRT,Oth,>1945,Insulation,6.792982456
PRT,Oth,1945-1969,Insulation,5.557721212
PRT,Oth,1970-1989,Insulation,3.306666667
PRT,Oth,1990-2010,Insulation,3.564176
PRT,Oth,2011-2020,Insulation,3.564176
PRT,Oth,2021-2030,Insulation,3.564176
PRT,Oth,2031-2040,Insulation,3.564176
PRT,Oth,2040<,Insulation,3.564176
ROU,SFH,>1945,Insulation,7.509333333
ROU,SFH,1945-1969,Insulation,9.422919507
ROU,SFH,1970-1989,Insulation,16.21680358
ROU,SFH,1990-2010,Insulation,18.05892114
ROU,SFH,2011-2020,Insulation,17.47326052
ROU,SFH,2021-2030,Insulation,17.47326052
ROU,SFH,2031-2040,Insulation,17.47326052
ROU,SFH,2040<,Insulation,17.47326052
ROU,MFH,>1945,Insulation,3.520352606
ROU,MFH,1945-1969,Insulation,10.13109219
ROU,MFH,1970-1989,Insulation,12.83010603
ROU,MFH,1990-2010,Insulation,12.08391214
ROU,MFH,2011-2020,Insulation,15.17078186
ROU,MFH,2021-2030,Insulation,15.17078186
ROU,MFH,2031-2040,Insulation,15.17078186
ROU,MFH,2040<,Insulation,15.17078186
ROU,Ret,>1945,Insulation,7.065853659
ROU,Ret,1945-1969,Insulation,7.065853659
ROU,Ret,1970-1989,Insulation,32.68195122
ROU,Ret,1990-2010,Insulation,32.68195122
ROU,Ret,2011-2020,Insulation,22.55631613
ROU,Ret,2021-2030,Insulation,22.55631613
ROU,Ret,2031-2040,Insulation,22.55631613
ROU,Ret,2040<,Insulation,22.55631613
ROU,Off,>1945,Insulation,3.705263158
ROU,Off,1945-1969,Insulation,5.364210526
ROU,Off,1970-1989,Insulation,19.7712
ROU,Off,1990-2010,Insulation,13.14272
ROU,Off,2011-2020,Insulation,13.14272
ROU,Off,2021-2030,Insulation,13.14272
ROU,Off,2031-2040,Insulation,13.14272
ROU,Off,2040<,Insulation,13.14272
ROU,Hot,>1945,Insulation,3.705263158
ROU,Hot,1945-1969,Insulation,5.364210526
ROU,Hot,1970-1989,Insulation,19.7712
ROU,Hot,1990-2010,Insulation,13.14272
ROU,Hot,2011-2020,Insulation,13.14272
ROU,Hot,2021-2030,Insulation,13.14272
ROU,Hot,2031-2040,Insulation,13.14272
ROU,Hot,2040<,Insulation,13.14272
ROU,Edu,>1945,Insulation,3.705263158
ROU,Edu,1945-1969,Insulation,5.364210526
ROU,Edu,1970-1989,Insulation,19.7712
ROU,Edu,1990-2010,Insulation,13.14272
ROU,Edu,2011-2020,Insulation,13.14272
ROU,Edu,2021-2030,Insulation,13.14272
ROU,Edu,2031-2040,Insulation,13.14272
ROU,Edu,2040<,Insulation,13.14272
ROU,Hea,>1945,Insulation,3.705263158
ROU,Hea,1945-1969,Insulation,5.364210526
ROU,Hea,1970-1989,Insulation,19.7712
ROU,Hea,1990-2010,Insulation,13.14272
ROU,Hea,2011-2020,Insulation,13.14272
ROU,Hea,2021-2030,Insulation,13.14272
ROU,Hea,2031-2040,Insulation,13.14272
ROU,Hea,2040<,Insulation,13.14272
ROU,Oth,>1945,Insulation,6.117993154
ROU,Oth,1945-1969,Insulation,6.886787177
ROU,Oth,1970-1989,Insulation,18.62779187
ROU,Oth,1990-2010,Insulation,14.2088052
ROU,Oth,2011-2020,Insulation,12.52119935
ROU,Oth,2021-2030,Insulation,12.52119935
ROU,Oth,2031-2040,Insulation,12.52119935
ROU,Oth,2040<,Insulation,12.52119935
SVK,SFH,>1945,Insulation,7.509333333
SVK,SFH,1945-1969,Insulation,9.422919507
SVK,SFH,1970-1989,Insulation,16.21680358
SVK,SFH,1990-2010,Insulation,18.05892114
SVK,SFH,2011-2020,Insulation,17.47326052
SVK,SFH,2021-2030,Insulation,17.47326052
SVK,SFH,2031-2040,Insulation,17.47326052
SVK,SFH,2040<,Insulation,17.47326052
SVK,MFH,>1945,Insulation,3.520352606
SVK,MFH,1945-1969,Insulation,10.13109219
SVK,MFH,1970-1989,Insulation,12.83010603
SVK,MFH,1990-2010,Insulation,12.08391214
SVK,MFH,2011-2020,Insulation,15.17078186
SVK,MFH,2021-2030,Insulation,15.17078186
SVK,MFH,2031-2040,Insulation,15.17078186
SVK,MFH,2040<,Insulation,15.17078186
SVK,Ret,>1945,Insulation,7.065853659
SVK,Ret,1945-1969,Insulation,7.065853659
SVK,Ret,1970-1989,Insulation,32.68195122
SVK,Ret,1990-2010,Insulation,32.68195122
SVK,Ret,2011-2020,Insulation,22.55631613
SVK,Ret,2021-2030,Insulation,22.55631613
SVK,Ret,2031-2040,Insulation,22.55631613
SVK,Ret,2040<,Insulation,22.55631613
SVK,Off,>1945,Insulation,3.705263158
SVK,Off,1945-1969,Insulation,5.364210526
SVK,Off,1970-1989,Insulation,19.7712
SVK,Off,1990-2010,Insulation,13.14272
SVK,Off,2011-2020,Insulation,13.14272
SVK,Off,2021-2030,Insulation,13.14272
SVK,Off,2031-2040,Insulation,13.14272
SVK,Off,2040<,Insulation,13.14272
SVK,Hot,>1945,Insulation,3.705263158
SVK,Hot,1945-1969,Insulation,5.364210526
SVK,Hot,1970-1989,Insulation,19.7712
SVK,Hot,1990-2010,Insulation,13.14272
SVK,Hot,2011-2020,Insulation,13.14272
SVK,Hot,2021-2030,Insulation,13.14272
SVK,Hot,2031-2040,Insulation,13.14272
SVK,Hot,2040<,Insulation,13.14272
SVK,Edu,>1945,Insulation,3.705263158
SVK,Edu,1945-1969,Insulation,5.364210526
SVK,Edu,1970-1989,Insulation,19.7712
SVK,Edu,1990-2010,Insulation,13.14272
SVK,Edu,2011-2020,Insulation,13.14272
SVK,Edu,2021-2030,Insulation,13.14272
SVK,Edu,2031-2040,Insulation,13.14272
SVK,Edu,2040<,Insulation,13.14272
SVK,Hea,>1945,Insulation,3.705263158
SVK,Hea,1945-1969,Insulation,5.364210526
SVK,Hea,1970-1989,Insulation,19.7712
SVK,Hea,1990-2010,Insulation,13.14272
SVK,Hea,2011-2020,Insulation,13.14272
SVK,Hea,2021-2030,Insulation,13.14272
SVK,Hea,2031-2040,Insulation,13.14272
SVK,Hea,2040<,Insulation,13.14272
SVK,Oth,>1945,Insulation,6.117993154
SVK,Oth,1945-1969,Insulation,6.886787177
SVK,Oth,1970-1989,Insulation,18.62779187
SVK,Oth,1990-2010,Insulation,14.2088052
SVK,Oth,2011-2020,Insulation,12.52119935
SVK,Oth,2021-2030,Insulation,12.52119935
SVK,Oth,2031-2040,Insulation,12.52119935
SVK,Oth,2040<,Insulation,12.52119935
SVN,SFH,>1945,Insulation,7.509333333
SVN,SFH,1945-1969,Insulation,9.422919507
SVN,SFH,1970-1989,Insulation,16.21680358
SVN,SFH,1990-2010,Insulation,18.05892114
SVN,SFH,2011-2020,Insulation,17.47326052
SVN,SFH,2021-2030,Insulation,17.47326052
SVN,SFH,2031-2040,Insulation,17.47326052
SVN,SFH,2040<,Insulation,17.47326052
SVN,MFH,>1945,Insulation,3.520352606
SVN,MFH,1945-1969,Insulation,10.13109219
SVN,MFH,1970-1989,Insulation,12.83010603
SVN,MFH,1990-2010,Insulation,12.08391214
SVN,MFH,2011-2020,Insulation,15.17078186
SVN,MFH,2021-2030,Insulation,15.17078186
SVN,MFH,2031-2040,Insulation,15.17078186
SVN,MFH,2040<,Insulation,15.17078186
SVN,Ret,>1945,Insulation,7.065853659
SVN,Ret,1945-1969,Insulation,7.065853659
SVN,Ret,1970-1989,Insulation,32.68195122
SVN,Ret,1990-2010,Insulation,32.68195122
SVN,Ret,2011-2020,Insulation,22.55631613
SVN,Ret,2021-2030,Insulation,22.55631613
SVN,Ret,2031-2040,Insulation,22.55631613
SVN,Ret,2040<,Insulation,22.55631613
SVN,Off,>1945,Insulation,3.705263158
SVN,Off,1945-1969,Insulation,5.364210526
SVN,Off,1970-1989,Insulation,19.7712
SVN,Off,1990-2010,Insulation,13.14272
SVN,Off,2011-2020,Insulation,13.14272
SVN,Off,2021-2030,Insulation,13.14272
SVN,Off,2031-2040,Insulation,13.14272
SVN,Off,2040<,Insulation,13.14272
SVN,Hot,>1945,Insulation,3.705263158
SVN,Hot,1945-1969,Insulation,5.364210526
SVN,Hot,1970-1989,Insulation,19.7712
SVN,Hot,1990-2010,Insulation,13.14272
SVN,Hot,2011-2020,Insulation,13.14272
SVN,Hot,2021-2030,Insulation,13.14272
SVN,Hot,2031-2040,Insulation,13.14272
SVN,Hot,2040<,Insulation,13.14272
SVN,Edu,>1945,Insulation,3.705263158
SVN,Edu,1945-1969,Insulation,5.364210526
SVN,Edu,1970-1989,Insulation,19.7712
SVN,Edu,1990-2010,Insulation,13.14272
SVN,Edu,2011-2020,Insulation,13.14272
SVN,Edu,2021-2030,Insulation,13.14272
SVN,Edu,2031-2040,Insulation,13.14272
SVN,Edu,2040<,Insulation,13.14272
SVN,Hea,>1945,Insulation,3.705263158
SVN,Hea,1945-1969,Insulation,5.364210526
SVN,Hea,1970-1989,Insulation,19.7712
SVN,Hea,1990-2010,Insulation,13.14272
SVN,Hea,2011-2020,Insulation,13.14272
SVN,Hea,2021-2030,Insulation,13.14272
SVN,Hea,2031-2040,Insulation,13.14272
SVN,Hea,2040<,Insulation,13.14272
SVN,Oth,>1945,Insulation,6.117993154
SVN,Oth,1945-1969,Insulation,6.886787177
SVN,Oth,1970-1989,Insulation,18.62779187
SVN,Oth,1990-2010,Insulation,14.2088052
SVN,Oth,2011-2020,Insulation,12.52119935
SVN,Oth,2021-2030,Insulation,12.52119935
SVN,Oth,2031-2040,Insulation,12.52119935
SVN,Oth,2040<,Insulation,12.52119935
SWE,SFH,>1945,Insulation,12.63434116
SWE,SFH,1945-1969,Insulation,10.91532595
SWE,SFH,1970-1989,Insulation,8.134575636
SWE,SFH,1990-2010,Insulation,6.923404255
SWE,SFH,2011-2020,Insulation,12.97777778
SWE,SFH,2021-2030,Insulation,12.97777778
SWE,SFH,2031-2040,Insulation,12.97777778
SWE,SFH,2040<,Insulation,12.97777778
SWE,MFH,>1945,Insulation,6.577587114
SWE,MFH,1945-1969,Insulation,6.691979863
SWE,MFH,1970-1989,Insulation,8.007735907
SWE,MFH,1990-2010,Insulation,22.38512644
SWE,MFH,2011-2020,Insulation,22.24256086
SWE,MFH,2021-2030,Insulation,22.24256086
SWE,MFH,2031-2040,Insulation,22.24256086
SWE,MFH,2040<,Insulation,22.24256086
SWE,Ret,>1945,Insulation,23.92344498
SWE,Ret,1945-1969,Insulation,26.60494987
SWE,Ret,1970-1989,Insulation,26.43534475
SWE,Ret,1990-2010,Insulation,24.8
SWE,Ret,2011-2020,Insulation,24.8
SWE,Ret,2021-2030,Insulation,24.8
SWE,Ret,2031-2040,Insulation,24.8
SWE,Ret,2040<,Insulation,24.8
SWE,Off,>1945,Insulation,0.88
SWE,Off,1945-1969,Insulation,0.88
SWE,Off,1970-1989,Insulation,11.99996747
SWE,Off,1990-2010,Insulation,14.30253679
SWE,Off,2011-2020,Insulation,7.016632363
SWE,Off,2021-2030,Insulation,7.016632363
SWE,Off,2031-2040,Insulation,7.016632363
SWE,Off,2040<,Insulation,7.016632363
SWE,Hot,>1945,Insulation,0.88
SWE,Hot,1945-1969,Insulation,0.88
SWE,Hot,1970-1989,Insulation,11.99996747
SWE,Hot,1990-2010,Insulation,14.30253679
SWE,Hot,2011-2020,Insulation,7.016632363
SWE,Hot,2021-2030,Insulation,7.016632363
SWE,Hot,2031-2040,Insulation,7.016632363
SWE,Hot,2040<,Insulation,7.016632363
SWE,Edu,>1945,Insulation,0.88
SWE,Edu,1945-1969,Insulation,0.88
SWE,Edu,1970-1989,Insulation,11.99996747
SWE,Edu,1990-2010,Insulation,14.30253679
SWE,Edu,2011-2020,Insulation,7.016632363
SWE,Edu,2021-2030,Insulation,7.016632363
SWE,Edu,2031-2040,Insulation,7.016632363
SWE,Edu,2040<,Insulation,7.016632363
SWE,Hea,>1945,Insulation,0.88
SWE,Hea,1945-1969,Insulation,0.88
SWE,Hea,1970-1989,Insulation,11.99996747
SWE,Hea,1990-2010,Insulation,14.30253679
SWE,Hea,2011-2020,Insulation,7.016632363
SWE,Hea,2021-2030,Insulation,7.016632363
SWE,Hea,2031-2040,Insulation,7.016632363
SWE,Hea,2040<,Insulation,7.016632363
SWE,Oth,>1945,Insulation,8.561148325
SWE,Oth,1945-1969,Insulation,9.454983289
SWE,Oth,1970-1989,Insulation,16.8117599
SWE,Oth,1990-2010,Insulation,18.07424865
SWE,Oth,2011-2020,Insulation,13.28850519
SWE,Oth,2021-2030,Insulation,13.28850519
SWE,Oth,2031-2040,Insulation,13.28850519
SWE,Oth,2040<,Insulation,13.28850519
