Time,Region,Glass product,value
2020,AUT,Flat glass,0.0
2020,AUT,Container glass,0.0
2020,AUT,Other glass,0.0
2020,BEL,Flat glass,0.0
2020,BEL,Container glass,0.0
2020,BEL,Other glass,0.0
2020,BGR,Flat glass,0.0
2020,BGR,Container glass,0.0
2020,BGR,Other glass,0.0
2020,CYP,Flat glass,0.0
2020,CYP,Container glass,0.0
2020,CYP,Other glass,0.0
2020,CZE,Flat glass,0.0
2020,CZE,Container glass,0.0
2020,CZE,Other glass,0.0
2020,DEU,Flat glass,0.0
2020,DEU,Container glass,0.0
2020,DEU,Other glass,0.0
2020,DNK,Flat glass,0.0
2020,DNK,Container glass,0.0
2020,DNK,Other glass,0.0
2020,ESP,Flat glass,0.0
2020,ESP,Container glass,0.0
2020,ESP,Other glass,0.0
2020,EST,Flat glass,0.0
2020,EST,Container glass,0.0
2020,EST,Other glass,0.0
2020,FIN,Flat glass,0.0
2020,FIN,Container glass,0.0
2020,FIN,Other glass,0.0
2020,FRA,Flat glass,0.0
2020,FRA,Container glass,0.0
2020,FRA,Other glass,0.0
2020,GBR,Flat glass,0.0
2020,GBR,Container glass,0.0
2020,GBR,Other glass,0.0
2020,GRC,Flat glass,0.0
2020,GRC,Container glass,0.0
2020,GRC,Other glass,0.0
2020,HRV,Flat glass,0.0
2020,HRV,Container glass,0.0
2020,HRV,Other glass,0.0
2020,HUN,Flat glass,0.0
2020,HUN,Container glass,0.0
2020,HUN,Other glass,0.0
2020,IRL,Flat glass,0.0
2020,IRL,Container glass,0.0
2020,IRL,Other glass,0.0
2020,ITA,Flat glass,0.0
2020,ITA,Container glass,0.0
2020,ITA,Other glass,0.0
2020,LTU,Flat glass,0.0
2020,LTU,Container glass,0.0
2020,LTU,Other glass,0.0
2020,LUX,Flat glass,0.0
2020,LUX,Container glass,0.0
2020,LUX,Other glass,0.0
2020,LVA,Flat glass,0.0
2020,LVA,Container glass,0.0
2020,LVA,Other glass,0.0
2020,MLT,Flat glass,0.0
2020,MLT,Container glass,0.0
2020,MLT,Other glass,0.0
2020,NLD,Flat glass,0.0
2020,NLD,Container glass,0.0
2020,NLD,Other glass,0.0
2020,POL,Flat glass,0.0
2020,POL,Container glass,0.0
2020,POL,Other glass,0.0
2020,PRT,Flat glass,0.0
2020,PRT,Container glass,0.0
2020,PRT,Other glass,0.0
2020,ROU,Flat glass,0.0
2020,ROU,Container glass,0.0
2020,ROU,Other glass,0.0
2020,SVK,Flat glass,0.0
2020,SVK,Container glass,0.0
2020,SVK,Other glass,0.0
2020,SVN,Flat glass,0.0
2020,SVN,Container glass,0.0
2020,SVN,Other glass,0.0
2020,SWE,Flat glass,0.0
2020,SWE,Container glass,0.0
2020,SWE,Other glass,0.0
2021,AUT,Flat glass,6694975.25989981
2021,AUT,Container glass,0.0
2021,AUT,Other glass,0.0
2021,BEL,Flat glass,5255779.580445883
2021,BEL,Container glass,0.0
2021,BEL,Other glass,0.0
2021,BGR,Flat glass,4368527.804333801
2021,BGR,Container glass,0.0
2021,BGR,Other glass,0.0
2021,CYP,Flat glass,272916.33318906056
2021,CYP,Container glass,0.0
2021,CYP,Other glass,0.0
2021,CZE,Flat glass,4317392.669444048
2021,CZE,Container glass,0.0
2021,CZE,Other glass,0.0
2021,DEU,Flat glass,94579382.55778402
2021,DEU,Container glass,0.0
2021,DEU,Other glass,0.0
2021,DNK,Flat glass,3973213.4472415806
2021,DNK,Container glass,0.0
2021,DNK,Other glass,0.0
2021,ESP,Flat glass,18038461.69308075
2021,ESP,Container glass,0.0
2021,ESP,Other glass,0.0
2021,EST,Flat glass,766854.1469497307
2021,EST,Container glass,0.0
2021,EST,Other glass,0.0
2021,FIN,Flat glass,2602886.014414075
2021,FIN,Container glass,0.0
2021,FIN,Other glass,0.0
2021,FRA,Flat glass,50670967.9102131
2021,FRA,Container glass,0.0
2021,FRA,Other glass,0.0
2021,GBR,Flat glass,28804771.98034428
2021,GBR,Container glass,0.0
2021,GBR,Other glass,0.0
2021,GRC,Flat glass,6190513.724400596
2021,GRC,Container glass,0.0
2021,GRC,Other glass,0.0
2021,HRV,Flat glass,2339457.30185368
2021,HRV,Container glass,0.0
2021,HRV,Other glass,0.0
2021,HUN,Flat glass,6669762.279715411
2021,HUN,Container glass,0.0
2021,HUN,Other glass,0.0
2021,IRL,Flat glass,1548151.1626220657
2021,IRL,Container glass,0.0
2021,IRL,Other glass,0.0
2021,ITA,Flat glass,73600352.30852059
2021,ITA,Container glass,0.0
2021,ITA,Other glass,0.0
2021,LTU,Flat glass,2595043.544213159
2021,LTU,Container glass,0.0
2021,LTU,Other glass,0.0
2021,LUX,Flat glass,409000.977578817
2021,LUX,Container glass,0.0
2021,LUX,Other glass,0.0
2021,LVA,Flat glass,1579970.9258184112
2021,LVA,Container glass,0.0
2021,LVA,Other glass,0.0
2021,MLT,Flat glass,233597.33961476164
2021,MLT,Container glass,0.0
2021,MLT,Other glass,0.0
2021,NLD,Flat glass,10116636.584351992
2021,NLD,Container glass,0.0
2021,NLD,Other glass,0.0
2021,POL,Flat glass,18953607.078955088
2021,POL,Container glass,0.0
2021,POL,Other glass,0.0
2021,PRT,Flat glass,6234791.2906395225
2021,PRT,Container glass,0.0
2021,PRT,Other glass,0.0
2021,ROU,Flat glass,6072129.232100801
2021,ROU,Container glass,0.0
2021,ROU,Other glass,0.0
2021,SVK,Flat glass,2201961.087476091
2021,SVK,Container glass,0.0
2021,SVK,Other glass,0.0
2021,SVN,Flat glass,1020558.3799959092
2021,SVN,Container glass,0.0
2021,SVN,Other glass,0.0
2021,SWE,Flat glass,8718547.522753136
2021,SWE,Container glass,0.0
2021,SWE,Other glass,0.0
2022,AUT,Flat glass,6694975.25989981
2022,AUT,Container glass,0.0
2022,AUT,Other glass,0.0
2022,BEL,Flat glass,5255779.580445883
2022,BEL,Container glass,0.0
2022,BEL,Other glass,0.0
2022,BGR,Flat glass,4368527.804333801
2022,BGR,Container glass,0.0
2022,BGR,Other glass,0.0
2022,CYP,Flat glass,272916.33318906056
2022,CYP,Container glass,0.0
2022,CYP,Other glass,0.0
2022,CZE,Flat glass,4317392.669444048
2022,CZE,Container glass,0.0
2022,CZE,Other glass,0.0
2022,DEU,Flat glass,94579382.55778402
2022,DEU,Container glass,0.0
2022,DEU,Other glass,0.0
2022,DNK,Flat glass,3973213.4472415806
2022,DNK,Container glass,0.0
2022,DNK,Other glass,0.0
2022,ESP,Flat glass,18038461.69308075
2022,ESP,Container glass,0.0
2022,ESP,Other glass,0.0
2022,EST,Flat glass,766854.1469497307
2022,EST,Container glass,0.0
2022,EST,Other glass,0.0
2022,FIN,Flat glass,2602886.014414075
2022,FIN,Container glass,0.0
2022,FIN,Other glass,0.0
2022,FRA,Flat glass,50670967.9102131
2022,FRA,Container glass,0.0
2022,FRA,Other glass,0.0
2022,GBR,Flat glass,28804771.98034428
2022,GBR,Container glass,0.0
2022,GBR,Other glass,0.0
2022,GRC,Flat glass,6190513.724400596
2022,GRC,Container glass,0.0
2022,GRC,Other glass,0.0
2022,HRV,Flat glass,2339457.30185368
2022,HRV,Container glass,0.0
2022,HRV,Other glass,0.0
2022,HUN,Flat glass,6669762.279715411
2022,HUN,Container glass,0.0
2022,HUN,Other glass,0.0
2022,IRL,Flat glass,1548151.1626220657
2022,IRL,Container glass,0.0
2022,IRL,Other glass,0.0
2022,ITA,Flat glass,73600352.30852059
2022,ITA,Container glass,0.0
2022,ITA,Other glass,0.0
2022,LTU,Flat glass,2595043.544213159
2022,LTU,Container glass,0.0
2022,LTU,Other glass,0.0
2022,LUX,Flat glass,409000.977578817
2022,LUX,Container glass,0.0
2022,LUX,Other glass,0.0
2022,LVA,Flat glass,1579970.9258184112
2022,LVA,Container glass,0.0
2022,LVA,Other glass,0.0
2022,MLT,Flat glass,233597.33961476164
2022,MLT,Container glass,0.0
2022,MLT,Other glass,0.0
2022,NLD,Flat glass,10116636.584351992
2022,NLD,Container glass,0.0
2022,NLD,Other glass,0.0
2022,POL,Flat glass,18953607.078955088
2022,POL,Container glass,0.0
2022,POL,Other glass,0.0
2022,PRT,Flat glass,6234791.2906395225
2022,PRT,Container glass,0.0
2022,PRT,Other glass,0.0
2022,ROU,Flat glass,6072129.232100801
2022,ROU,Container glass,0.0
2022,ROU,Other glass,0.0
2022,SVK,Flat glass,2201961.087476091
2022,SVK,Container glass,0.0
2022,SVK,Other glass,0.0
2022,SVN,Flat glass,1020558.3799959092
2022,SVN,Container glass,0.0
2022,SVN,Other glass,0.0
2022,SWE,Flat glass,8718547.522753136
2022,SWE,Container glass,0.0
2022,SWE,Other glass,0.0
2023,AUT,Flat glass,6694975.25989981
2023,AUT,Container glass,0.0
2023,AUT,Other glass,0.0
2023,BEL,Flat glass,5255779.580445883
2023,BEL,Container glass,0.0
2023,BEL,Other glass,0.0
2023,BGR,Flat glass,4368527.804333801
2023,BGR,Container glass,0.0
2023,BGR,Other glass,0.0
2023,CYP,Flat glass,272916.33318906056
2023,CYP,Container glass,0.0
2023,CYP,Other glass,0.0
2023,CZE,Flat glass,4317392.669444048
2023,CZE,Container glass,0.0
2023,CZE,Other glass,0.0
2023,DEU,Flat glass,94579382.55778402
2023,DEU,Container glass,0.0
2023,DEU,Other glass,0.0
2023,DNK,Flat glass,3973213.4472415806
2023,DNK,Container glass,0.0
2023,DNK,Other glass,0.0
2023,ESP,Flat glass,18038461.69308075
2023,ESP,Container glass,0.0
2023,ESP,Other glass,0.0
2023,EST,Flat glass,766854.1469497307
2023,EST,Container glass,0.0
2023,EST,Other glass,0.0
2023,FIN,Flat glass,2602886.014414075
2023,FIN,Container glass,0.0
2023,FIN,Other glass,0.0
2023,FRA,Flat glass,50670967.9102131
2023,FRA,Container glass,0.0
2023,FRA,Other glass,0.0
2023,GBR,Flat glass,28804771.98034428
2023,GBR,Container glass,0.0
2023,GBR,Other glass,0.0
2023,GRC,Flat glass,6190513.724400596
2023,GRC,Container glass,0.0
2023,GRC,Other glass,0.0
2023,HRV,Flat glass,2339457.30185368
2023,HRV,Container glass,0.0
2023,HRV,Other glass,0.0
2023,HUN,Flat glass,6669762.279715411
2023,HUN,Container glass,0.0
2023,HUN,Other glass,0.0
2023,IRL,Flat glass,1548151.1626220657
2023,IRL,Container glass,0.0
2023,IRL,Other glass,0.0
2023,ITA,Flat glass,73600352.30852059
2023,ITA,Container glass,0.0
2023,ITA,Other glass,0.0
2023,LTU,Flat glass,2595043.544213159
2023,LTU,Container glass,0.0
2023,LTU,Other glass,0.0
2023,LUX,Flat glass,409000.977578817
2023,LUX,Container glass,0.0
2023,LUX,Other glass,0.0
2023,LVA,Flat glass,1579970.9258184112
2023,LVA,Container glass,0.0
2023,LVA,Other glass,0.0
2023,MLT,Flat glass,233597.33961476164
2023,MLT,Container glass,0.0
2023,MLT,Other glass,0.0
2023,NLD,Flat glass,10116636.584351992
2023,NLD,Container glass,0.0
2023,NLD,Other glass,0.0
2023,POL,Flat glass,18953607.078955088
2023,POL,Container glass,0.0
2023,POL,Other glass,0.0
2023,PRT,Flat glass,6234791.2906395225
2023,PRT,Container glass,0.0
2023,PRT,Other glass,0.0
2023,ROU,Flat glass,6072129.232100801
2023,ROU,Container glass,0.0
2023,ROU,Other glass,0.0
2023,SVK,Flat glass,2201961.087476091
2023,SVK,Container glass,0.0
2023,SVK,Other glass,0.0
2023,SVN,Flat glass,1020558.3799959092
2023,SVN,Container glass,0.0
2023,SVN,Other glass,0.0
2023,SWE,Flat glass,8718547.522753136
2023,SWE,Container glass,0.0
2023,SWE,Other glass,0.0
2024,AUT,Flat glass,6694975.25989981
2024,AUT,Container glass,0.0
2024,AUT,Other glass,0.0
2024,BEL,Flat glass,5255779.580445883
2024,BEL,Container glass,0.0
2024,BEL,Other glass,0.0
2024,BGR,Flat glass,4368527.804333801
2024,BGR,Container glass,0.0
2024,BGR,Other glass,0.0
2024,CYP,Flat glass,272916.33318906056
2024,CYP,Container glass,0.0
2024,CYP,Other glass,0.0
2024,CZE,Flat glass,4317392.669444048
2024,CZE,Container glass,0.0
2024,CZE,Other glass,0.0
2024,DEU,Flat glass,94579382.55778402
2024,DEU,Container glass,0.0
2024,DEU,Other glass,0.0
2024,DNK,Flat glass,3973213.4472415806
2024,DNK,Container glass,0.0
2024,DNK,Other glass,0.0
2024,ESP,Flat glass,18038461.69308075
2024,ESP,Container glass,0.0
2024,ESP,Other glass,0.0
2024,EST,Flat glass,766854.1469497307
2024,EST,Container glass,0.0
2024,EST,Other glass,0.0
2024,FIN,Flat glass,2602886.014414075
2024,FIN,Container glass,0.0
2024,FIN,Other glass,0.0
2024,FRA,Flat glass,50670967.9102131
2024,FRA,Container glass,0.0
2024,FRA,Other glass,0.0
2024,GBR,Flat glass,28804771.98034428
2024,GBR,Container glass,0.0
2024,GBR,Other glass,0.0
2024,GRC,Flat glass,6190513.724400596
2024,GRC,Container glass,0.0
2024,GRC,Other glass,0.0
2024,HRV,Flat glass,2339457.30185368
2024,HRV,Container glass,0.0
2024,HRV,Other glass,0.0
2024,HUN,Flat glass,6669762.279715411
2024,HUN,Container glass,0.0
2024,HUN,Other glass,0.0
2024,IRL,Flat glass,1548151.1626220657
2024,IRL,Container glass,0.0
2024,IRL,Other glass,0.0
2024,ITA,Flat glass,73600352.30852059
2024,ITA,Container glass,0.0
2024,ITA,Other glass,0.0
2024,LTU,Flat glass,2595043.544213159
2024,LTU,Container glass,0.0
2024,LTU,Other glass,0.0
2024,LUX,Flat glass,409000.977578817
2024,LUX,Container glass,0.0
2024,LUX,Other glass,0.0
2024,LVA,Flat glass,1579970.9258184112
2024,LVA,Container glass,0.0
2024,LVA,Other glass,0.0
2024,MLT,Flat glass,233597.33961476164
2024,MLT,Container glass,0.0
2024,MLT,Other glass,0.0
2024,NLD,Flat glass,10116636.584351992
2024,NLD,Container glass,0.0
2024,NLD,Other glass,0.0
2024,POL,Flat glass,18953607.078955088
2024,POL,Container glass,0.0
2024,POL,Other glass,0.0
2024,PRT,Flat glass,6234791.2906395225
2024,PRT,Container glass,0.0
2024,PRT,Other glass,0.0
2024,ROU,Flat glass,6072129.232100801
2024,ROU,Container glass,0.0
2024,ROU,Other glass,0.0
2024,SVK,Flat glass,2201961.087476091
2024,SVK,Container glass,0.0
2024,SVK,Other glass,0.0
2024,SVN,Flat glass,1020558.3799959092
2024,SVN,Container glass,0.0
2024,SVN,Other glass,0.0
2024,SWE,Flat glass,8718547.522753136
2024,SWE,Container glass,0.0
2024,SWE,Other glass,0.0
2025,AUT,Flat glass,6694975.25989981
2025,AUT,Container glass,0.0
2025,AUT,Other glass,0.0
2025,BEL,Flat glass,5255779.580445883
2025,BEL,Container glass,0.0
2025,BEL,Other glass,0.0
2025,BGR,Flat glass,4368527.804333801
2025,BGR,Container glass,0.0
2025,BGR,Other glass,0.0
2025,CYP,Flat glass,272916.33318906056
2025,CYP,Container glass,0.0
2025,CYP,Other glass,0.0
2025,CZE,Flat glass,4317392.669444048
2025,CZE,Container glass,0.0
2025,CZE,Other glass,0.0
2025,DEU,Flat glass,94579382.55778402
2025,DEU,Container glass,0.0
2025,DEU,Other glass,0.0
2025,DNK,Flat glass,3973213.4472415806
2025,DNK,Container glass,0.0
2025,DNK,Other glass,0.0
2025,ESP,Flat glass,18038461.69308075
2025,ESP,Container glass,0.0
2025,ESP,Other glass,0.0
2025,EST,Flat glass,766854.1469497307
2025,EST,Container glass,0.0
2025,EST,Other glass,0.0
2025,FIN,Flat glass,2602886.014414075
2025,FIN,Container glass,0.0
2025,FIN,Other glass,0.0
2025,FRA,Flat glass,50670967.9102131
2025,FRA,Container glass,0.0
2025,FRA,Other glass,0.0
2025,GBR,Flat glass,28804771.98034428
2025,GBR,Container glass,0.0
2025,GBR,Other glass,0.0
2025,GRC,Flat glass,6190513.724400596
2025,GRC,Container glass,0.0
2025,GRC,Other glass,0.0
2025,HRV,Flat glass,2339457.30185368
2025,HRV,Container glass,0.0
2025,HRV,Other glass,0.0
2025,HUN,Flat glass,6669762.279715411
2025,HUN,Container glass,0.0
2025,HUN,Other glass,0.0
2025,IRL,Flat glass,1548151.1626220657
2025,IRL,Container glass,0.0
2025,IRL,Other glass,0.0
2025,ITA,Flat glass,73600352.30852059
2025,ITA,Container glass,0.0
2025,ITA,Other glass,0.0
2025,LTU,Flat glass,2595043.544213159
2025,LTU,Container glass,0.0
2025,LTU,Other glass,0.0
2025,LUX,Flat glass,409000.977578817
2025,LUX,Container glass,0.0
2025,LUX,Other glass,0.0
2025,LVA,Flat glass,1579970.9258184112
2025,LVA,Container glass,0.0
2025,LVA,Other glass,0.0
2025,MLT,Flat glass,233597.33961476164
2025,MLT,Container glass,0.0
2025,MLT,Other glass,0.0
2025,NLD,Flat glass,10116636.584351992
2025,NLD,Container glass,0.0
2025,NLD,Other glass,0.0
2025,POL,Flat glass,18953607.078955088
2025,POL,Container glass,0.0
2025,POL,Other glass,0.0
2025,PRT,Flat glass,6234791.2906395225
2025,PRT,Container glass,0.0
2025,PRT,Other glass,0.0
2025,ROU,Flat glass,6072129.232100801
2025,ROU,Container glass,0.0
2025,ROU,Other glass,0.0
2025,SVK,Flat glass,2201961.087476091
2025,SVK,Container glass,0.0
2025,SVK,Other glass,0.0
2025,SVN,Flat glass,1020558.3799959092
2025,SVN,Container glass,0.0
2025,SVN,Other glass,0.0
2025,SWE,Flat glass,8718547.522753136
2025,SWE,Container glass,0.0
2025,SWE,Other glass,0.0
2026,AUT,Flat glass,6694975.25989981
2026,AUT,Container glass,0.0
2026,AUT,Other glass,0.0
2026,BEL,Flat glass,5255779.580445883
2026,BEL,Container glass,0.0
2026,BEL,Other glass,0.0
2026,BGR,Flat glass,4368527.804333801
2026,BGR,Container glass,0.0
2026,BGR,Other glass,0.0
2026,CYP,Flat glass,272916.33318906056
2026,CYP,Container glass,0.0
2026,CYP,Other glass,0.0
2026,CZE,Flat glass,4317392.669444048
2026,CZE,Container glass,0.0
2026,CZE,Other glass,0.0
2026,DEU,Flat glass,94579382.55778402
2026,DEU,Container glass,0.0
2026,DEU,Other glass,0.0
2026,DNK,Flat glass,3973213.4472415806
2026,DNK,Container glass,0.0
2026,DNK,Other glass,0.0
2026,ESP,Flat glass,18038461.69308075
2026,ESP,Container glass,0.0
2026,ESP,Other glass,0.0
2026,EST,Flat glass,766854.1469497307
2026,EST,Container glass,0.0
2026,EST,Other glass,0.0
2026,FIN,Flat glass,2602886.014414075
2026,FIN,Container glass,0.0
2026,FIN,Other glass,0.0
2026,FRA,Flat glass,50670967.9102131
2026,FRA,Container glass,0.0
2026,FRA,Other glass,0.0
2026,GBR,Flat glass,28804771.98034428
2026,GBR,Container glass,0.0
2026,GBR,Other glass,0.0
2026,GRC,Flat glass,6190513.724400596
2026,GRC,Container glass,0.0
2026,GRC,Other glass,0.0
2026,HRV,Flat glass,2339457.30185368
2026,HRV,Container glass,0.0
2026,HRV,Other glass,0.0
2026,HUN,Flat glass,6669762.279715411
2026,HUN,Container glass,0.0
2026,HUN,Other glass,0.0
2026,IRL,Flat glass,1548151.1626220657
2026,IRL,Container glass,0.0
2026,IRL,Other glass,0.0
2026,ITA,Flat glass,73600352.30852059
2026,ITA,Container glass,0.0
2026,ITA,Other glass,0.0
2026,LTU,Flat glass,2595043.544213159
2026,LTU,Container glass,0.0
2026,LTU,Other glass,0.0
2026,LUX,Flat glass,409000.977578817
2026,LUX,Container glass,0.0
2026,LUX,Other glass,0.0
2026,LVA,Flat glass,1579970.9258184112
2026,LVA,Container glass,0.0
2026,LVA,Other glass,0.0
2026,MLT,Flat glass,233597.33961476164
2026,MLT,Container glass,0.0
2026,MLT,Other glass,0.0
2026,NLD,Flat glass,10116636.584351992
2026,NLD,Container glass,0.0
2026,NLD,Other glass,0.0
2026,POL,Flat glass,18953607.078955088
2026,POL,Container glass,0.0
2026,POL,Other glass,0.0
2026,PRT,Flat glass,6234791.2906395225
2026,PRT,Container glass,0.0
2026,PRT,Other glass,0.0
2026,ROU,Flat glass,6072129.232100801
2026,ROU,Container glass,0.0
2026,ROU,Other glass,0.0
2026,SVK,Flat glass,2201961.087476091
2026,SVK,Container glass,0.0
2026,SVK,Other glass,0.0
2026,SVN,Flat glass,1020558.3799959092
2026,SVN,Container glass,0.0
2026,SVN,Other glass,0.0
2026,SWE,Flat glass,8718547.522753136
2026,SWE,Container glass,0.0
2026,SWE,Other glass,0.0
2027,AUT,Flat glass,6694975.25989981
2027,AUT,Container glass,0.0
2027,AUT,Other glass,0.0
2027,BEL,Flat glass,5255779.580445883
2027,BEL,Container glass,0.0
2027,BEL,Other glass,0.0
2027,BGR,Flat glass,4368527.804333801
2027,BGR,Container glass,0.0
2027,BGR,Other glass,0.0
2027,CYP,Flat glass,272916.33318906056
2027,CYP,Container glass,0.0
2027,CYP,Other glass,0.0
2027,CZE,Flat glass,4317392.669444048
2027,CZE,Container glass,0.0
2027,CZE,Other glass,0.0
2027,DEU,Flat glass,94579382.55778402
2027,DEU,Container glass,0.0
2027,DEU,Other glass,0.0
2027,DNK,Flat glass,3973213.4472415806
2027,DNK,Container glass,0.0
2027,DNK,Other glass,0.0
2027,ESP,Flat glass,18038461.69308075
2027,ESP,Container glass,0.0
2027,ESP,Other glass,0.0
2027,EST,Flat glass,766854.1469497307
2027,EST,Container glass,0.0
2027,EST,Other glass,0.0
2027,FIN,Flat glass,2602886.014414075
2027,FIN,Container glass,0.0
2027,FIN,Other glass,0.0
2027,FRA,Flat glass,50670967.9102131
2027,FRA,Container glass,0.0
2027,FRA,Other glass,0.0
2027,GBR,Flat glass,28804771.98034428
2027,GBR,Container glass,0.0
2027,GBR,Other glass,0.0
2027,GRC,Flat glass,6190513.724400596
2027,GRC,Container glass,0.0
2027,GRC,Other glass,0.0
2027,HRV,Flat glass,2339457.30185368
2027,HRV,Container glass,0.0
2027,HRV,Other glass,0.0
2027,HUN,Flat glass,6669762.279715411
2027,HUN,Container glass,0.0
2027,HUN,Other glass,0.0
2027,IRL,Flat glass,1548151.1626220657
2027,IRL,Container glass,0.0
2027,IRL,Other glass,0.0
2027,ITA,Flat glass,73600352.30852059
2027,ITA,Container glass,0.0
2027,ITA,Other glass,0.0
2027,LTU,Flat glass,2595043.544213159
2027,LTU,Container glass,0.0
2027,LTU,Other glass,0.0
2027,LUX,Flat glass,409000.977578817
2027,LUX,Container glass,0.0
2027,LUX,Other glass,0.0
2027,LVA,Flat glass,1579970.9258184112
2027,LVA,Container glass,0.0
2027,LVA,Other glass,0.0
2027,MLT,Flat glass,233597.33961476164
2027,MLT,Container glass,0.0
2027,MLT,Other glass,0.0
2027,NLD,Flat glass,10116636.584351992
2027,NLD,Container glass,0.0
2027,NLD,Other glass,0.0
2027,POL,Flat glass,18953607.078955088
2027,POL,Container glass,0.0
2027,POL,Other glass,0.0
2027,PRT,Flat glass,6234791.2906395225
2027,PRT,Container glass,0.0
2027,PRT,Other glass,0.0
2027,ROU,Flat glass,6072129.232100801
2027,ROU,Container glass,0.0
2027,ROU,Other glass,0.0
2027,SVK,Flat glass,2201961.087476091
2027,SVK,Container glass,0.0
2027,SVK,Other glass,0.0
2027,SVN,Flat glass,1020558.3799959092
2027,SVN,Container glass,0.0
2027,SVN,Other glass,0.0
2027,SWE,Flat glass,8718547.522753136
2027,SWE,Container glass,0.0
2027,SWE,Other glass,0.0
2028,AUT,Flat glass,6694975.25989981
2028,AUT,Container glass,0.0
2028,AUT,Other glass,0.0
2028,BEL,Flat glass,5255779.580445883
2028,BEL,Container glass,0.0
2028,BEL,Other glass,0.0
2028,BGR,Flat glass,4368527.804333801
2028,BGR,Container glass,0.0
2028,BGR,Other glass,0.0
2028,CYP,Flat glass,272916.33318906056
2028,CYP,Container glass,0.0
2028,CYP,Other glass,0.0
2028,CZE,Flat glass,4317392.669444048
2028,CZE,Container glass,0.0
2028,CZE,Other glass,0.0
2028,DEU,Flat glass,94579382.55778402
2028,DEU,Container glass,0.0
2028,DEU,Other glass,0.0
2028,DNK,Flat glass,3973213.4472415806
2028,DNK,Container glass,0.0
2028,DNK,Other glass,0.0
2028,ESP,Flat glass,18038461.69308075
2028,ESP,Container glass,0.0
2028,ESP,Other glass,0.0
2028,EST,Flat glass,766854.1469497307
2028,EST,Container glass,0.0
2028,EST,Other glass,0.0
2028,FIN,Flat glass,2602886.014414075
2028,FIN,Container glass,0.0
2028,FIN,Other glass,0.0
2028,FRA,Flat glass,50670967.9102131
2028,FRA,Container glass,0.0
2028,FRA,Other glass,0.0
2028,GBR,Flat glass,28804771.98034428
2028,GBR,Container glass,0.0
2028,GBR,Other glass,0.0
2028,GRC,Flat glass,6190513.724400596
2028,GRC,Container glass,0.0
2028,GRC,Other glass,0.0
2028,HRV,Flat glass,2339457.30185368
2028,HRV,Container glass,0.0
2028,HRV,Other glass,0.0
2028,HUN,Flat glass,6669762.279715411
2028,HUN,Container glass,0.0
2028,HUN,Other glass,0.0
2028,IRL,Flat glass,1548151.1626220657
2028,IRL,Container glass,0.0
2028,IRL,Other glass,0.0
2028,ITA,Flat glass,73600352.30852059
2028,ITA,Container glass,0.0
2028,ITA,Other glass,0.0
2028,LTU,Flat glass,2595043.544213159
2028,LTU,Container glass,0.0
2028,LTU,Other glass,0.0
2028,LUX,Flat glass,409000.977578817
2028,LUX,Container glass,0.0
2028,LUX,Other glass,0.0
2028,LVA,Flat glass,1579970.9258184112
2028,LVA,Container glass,0.0
2028,LVA,Other glass,0.0
2028,MLT,Flat glass,233597.33961476164
2028,MLT,Container glass,0.0
2028,MLT,Other glass,0.0
2028,NLD,Flat glass,10116636.584351992
2028,NLD,Container glass,0.0
2028,NLD,Other glass,0.0
2028,POL,Flat glass,18953607.078955088
2028,POL,Container glass,0.0
2028,POL,Other glass,0.0
2028,PRT,Flat glass,6234791.2906395225
2028,PRT,Container glass,0.0
2028,PRT,Other glass,0.0
2028,ROU,Flat glass,6072129.232100801
2028,ROU,Container glass,0.0
2028,ROU,Other glass,0.0
2028,SVK,Flat glass,2201961.087476091
2028,SVK,Container glass,0.0
2028,SVK,Other glass,0.0
2028,SVN,Flat glass,1020558.3799959092
2028,SVN,Container glass,0.0
2028,SVN,Other glass,0.0
2028,SWE,Flat glass,8718547.522753136
2028,SWE,Container glass,0.0
2028,SWE,Other glass,0.0
2029,AUT,Flat glass,6694975.25989981
2029,AUT,Container glass,0.0
2029,AUT,Other glass,0.0
2029,BEL,Flat glass,5255779.580445883
2029,BEL,Container glass,0.0
2029,BEL,Other glass,0.0
2029,BGR,Flat glass,4368527.804333801
2029,BGR,Container glass,0.0
2029,BGR,Other glass,0.0
2029,CYP,Flat glass,272916.33318906056
2029,CYP,Container glass,0.0
2029,CYP,Other glass,0.0
2029,CZE,Flat glass,4317392.669444048
2029,CZE,Container glass,0.0
2029,CZE,Other glass,0.0
2029,DEU,Flat glass,94579382.55778402
2029,DEU,Container glass,0.0
2029,DEU,Other glass,0.0
2029,DNK,Flat glass,3973213.4472415806
2029,DNK,Container glass,0.0
2029,DNK,Other glass,0.0
2029,ESP,Flat glass,18038461.69308075
2029,ESP,Container glass,0.0
2029,ESP,Other glass,0.0
2029,EST,Flat glass,766854.1469497307
2029,EST,Container glass,0.0
2029,EST,Other glass,0.0
2029,FIN,Flat glass,2602886.014414075
2029,FIN,Container glass,0.0
2029,FIN,Other glass,0.0
2029,FRA,Flat glass,50670967.9102131
2029,FRA,Container glass,0.0
2029,FRA,Other glass,0.0
2029,GBR,Flat glass,28804771.98034428
2029,GBR,Container glass,0.0
2029,GBR,Other glass,0.0
2029,GRC,Flat glass,6190513.724400596
2029,GRC,Container glass,0.0
2029,GRC,Other glass,0.0
2029,HRV,Flat glass,2339457.30185368
2029,HRV,Container glass,0.0
2029,HRV,Other glass,0.0
2029,HUN,Flat glass,6669762.279715411
2029,HUN,Container glass,0.0
2029,HUN,Other glass,0.0
2029,IRL,Flat glass,1548151.1626220657
2029,IRL,Container glass,0.0
2029,IRL,Other glass,0.0
2029,ITA,Flat glass,73600352.30852059
2029,ITA,Container glass,0.0
2029,ITA,Other glass,0.0
2029,LTU,Flat glass,2595043.544213159
2029,LTU,Container glass,0.0
2029,LTU,Other glass,0.0
2029,LUX,Flat glass,409000.977578817
2029,LUX,Container glass,0.0
2029,LUX,Other glass,0.0
2029,LVA,Flat glass,1579970.9258184112
2029,LVA,Container glass,0.0
2029,LVA,Other glass,0.0
2029,MLT,Flat glass,233597.33961476164
2029,MLT,Container glass,0.0
2029,MLT,Other glass,0.0
2029,NLD,Flat glass,10116636.584351992
2029,NLD,Container glass,0.0
2029,NLD,Other glass,0.0
2029,POL,Flat glass,18953607.078955088
2029,POL,Container glass,0.0
2029,POL,Other glass,0.0
2029,PRT,Flat glass,6234791.2906395225
2029,PRT,Container glass,0.0
2029,PRT,Other glass,0.0
2029,ROU,Flat glass,6072129.232100801
2029,ROU,Container glass,0.0
2029,ROU,Other glass,0.0
2029,SVK,Flat glass,2201961.087476091
2029,SVK,Container glass,0.0
2029,SVK,Other glass,0.0
2029,SVN,Flat glass,1020558.3799959092
2029,SVN,Container glass,0.0
2029,SVN,Other glass,0.0
2029,SWE,Flat glass,8718547.522753136
2029,SWE,Container glass,0.0
2029,SWE,Other glass,0.0
2030,AUT,Flat glass,6694975.25989981
2030,AUT,Container glass,0.0
2030,AUT,Other glass,0.0
2030,BEL,Flat glass,5255779.580445883
2030,BEL,Container glass,0.0
2030,BEL,Other glass,0.0
2030,BGR,Flat glass,4368527.804333801
2030,BGR,Container glass,0.0
2030,BGR,Other glass,0.0
2030,CYP,Flat glass,272916.33318906056
2030,CYP,Container glass,0.0
2030,CYP,Other glass,0.0
2030,CZE,Flat glass,4317392.669444048
2030,CZE,Container glass,0.0
2030,CZE,Other glass,0.0
2030,DEU,Flat glass,94579382.55778402
2030,DEU,Container glass,0.0
2030,DEU,Other glass,0.0
2030,DNK,Flat glass,3973213.4472415806
2030,DNK,Container glass,0.0
2030,DNK,Other glass,0.0
2030,ESP,Flat glass,18038461.69308075
2030,ESP,Container glass,0.0
2030,ESP,Other glass,0.0
2030,EST,Flat glass,766854.1469497307
2030,EST,Container glass,0.0
2030,EST,Other glass,0.0
2030,FIN,Flat glass,2602886.014414075
2030,FIN,Container glass,0.0
2030,FIN,Other glass,0.0
2030,FRA,Flat glass,50670967.9102131
2030,FRA,Container glass,0.0
2030,FRA,Other glass,0.0
2030,GBR,Flat glass,28804771.98034428
2030,GBR,Container glass,0.0
2030,GBR,Other glass,0.0
2030,GRC,Flat glass,6190513.724400596
2030,GRC,Container glass,0.0
2030,GRC,Other glass,0.0
2030,HRV,Flat glass,2339457.30185368
2030,HRV,Container glass,0.0
2030,HRV,Other glass,0.0
2030,HUN,Flat glass,6669762.279715411
2030,HUN,Container glass,0.0
2030,HUN,Other glass,0.0
2030,IRL,Flat glass,1548151.1626220657
2030,IRL,Container glass,0.0
2030,IRL,Other glass,0.0
2030,ITA,Flat glass,73600352.30852059
2030,ITA,Container glass,0.0
2030,ITA,Other glass,0.0
2030,LTU,Flat glass,2595043.544213159
2030,LTU,Container glass,0.0
2030,LTU,Other glass,0.0
2030,LUX,Flat glass,409000.977578817
2030,LUX,Container glass,0.0
2030,LUX,Other glass,0.0
2030,LVA,Flat glass,1579970.9258184112
2030,LVA,Container glass,0.0
2030,LVA,Other glass,0.0
2030,MLT,Flat glass,233597.33961476164
2030,MLT,Container glass,0.0
2030,MLT,Other glass,0.0
2030,NLD,Flat glass,10116636.584351992
2030,NLD,Container glass,0.0
2030,NLD,Other glass,0.0
2030,POL,Flat glass,18953607.078955088
2030,POL,Container glass,0.0
2030,POL,Other glass,0.0
2030,PRT,Flat glass,6234791.2906395225
2030,PRT,Container glass,0.0
2030,PRT,Other glass,0.0
2030,ROU,Flat glass,6072129.232100801
2030,ROU,Container glass,0.0
2030,ROU,Other glass,0.0
2030,SVK,Flat glass,2201961.087476091
2030,SVK,Container glass,0.0
2030,SVK,Other glass,0.0
2030,SVN,Flat glass,1020558.3799959092
2030,SVN,Container glass,0.0
2030,SVN,Other glass,0.0
2030,SWE,Flat glass,8718547.522753136
2030,SWE,Container glass,0.0
2030,SWE,Other glass,0.0
2031,AUT,Flat glass,11754198.734847775
2031,AUT,Container glass,0.0
2031,AUT,Other glass,0.0
2031,BEL,Flat glass,8143566.146910341
2031,BEL,Container glass,0.0
2031,BEL,Other glass,0.0
2031,BGR,Flat glass,5436022.916467993
2031,BGR,Container glass,0.0
2031,BGR,Other glass,0.0
2031,CYP,Flat glass,453232.395484613
2031,CYP,Container glass,0.0
2031,CYP,Other glass,0.0
2031,CZE,Flat glass,6819060.3641934525
2031,CZE,Container glass,0.0
2031,CZE,Other glass,0.0
2031,DEU,Flat glass,156749761.51231283
2031,DEU,Container glass,0.0
2031,DEU,Other glass,0.0
2031,DNK,Flat glass,6758718.066460767
2031,DNK,Container glass,0.0
2031,DNK,Other glass,0.0
2031,ESP,Flat glass,29991789.260484643
2031,ESP,Container glass,0.0
2031,ESP,Other glass,0.0
2031,EST,Flat glass,1184524.7974662844
2031,EST,Container glass,0.0
2031,EST,Other glass,0.0
2031,FIN,Flat glass,4651114.714416817
2031,FIN,Container glass,0.0
2031,FIN,Other glass,0.0
2031,FRA,Flat glass,80928769.86737652
2031,FRA,Container glass,0.0
2031,FRA,Other glass,0.0
2031,GBR,Flat glass,45821428.37401984
2031,GBR,Container glass,0.0
2031,GBR,Other glass,0.0
2031,GRC,Flat glass,9202384.591076162
2031,GRC,Container glass,0.0
2031,GRC,Other glass,0.0
2031,HRV,Flat glass,2099678.533314643
2031,HRV,Container glass,0.0
2031,HRV,Other glass,0.0
2031,HUN,Flat glass,10781821.11803045
2031,HUN,Container glass,0.0
2031,HUN,Other glass,0.0
2031,IRL,Flat glass,2448127.3575451365
2031,IRL,Container glass,0.0
2031,IRL,Other glass,0.0
2031,ITA,Flat glass,119760014.48984048
2031,ITA,Container glass,0.0
2031,ITA,Other glass,0.0
2031,LTU,Flat glass,1898979.9891949098
2031,LTU,Container glass,0.0
2031,LTU,Other glass,0.0
2031,LUX,Flat glass,592510.3523588518
2031,LUX,Container glass,0.0
2031,LUX,Other glass,0.0
2031,LVA,Flat glass,1418100.1306246938
2031,LVA,Container glass,0.0
2031,LVA,Other glass,0.0
2031,MLT,Flat glass,371052.16164630407
2031,MLT,Container glass,0.0
2031,MLT,Other glass,0.0
2031,NLD,Flat glass,16156969.603748312
2031,NLD,Container glass,0.0
2031,NLD,Other glass,0.0
2031,POL,Flat glass,28957336.708227575
2031,POL,Container glass,0.0
2031,POL,Other glass,0.0
2031,PRT,Flat glass,10648688.590329822
2031,PRT,Container glass,0.0
2031,PRT,Other glass,0.0
2031,ROU,Flat glass,9440931.126067864
2031,ROU,Container glass,0.0
2031,ROU,Other glass,0.0
2031,SVK,Flat glass,3349073.7376662963
2031,SVK,Container glass,0.0
2031,SVK,Other glass,0.0
2031,SVN,Flat glass,1614764.9372209276
2031,SVN,Container glass,0.0
2031,SVN,Other glass,0.0
2031,SWE,Flat glass,13395635.03019021
2031,SWE,Container glass,0.0
2031,SWE,Other glass,0.0
2032,AUT,Flat glass,11754198.734847775
2032,AUT,Container glass,0.0
2032,AUT,Other glass,0.0
2032,BEL,Flat glass,8143566.146910341
2032,BEL,Container glass,0.0
2032,BEL,Other glass,0.0
2032,BGR,Flat glass,5436022.916467993
2032,BGR,Container glass,0.0
2032,BGR,Other glass,0.0
2032,CYP,Flat glass,453232.395484613
2032,CYP,Container glass,0.0
2032,CYP,Other glass,0.0
2032,CZE,Flat glass,6819060.3641934525
2032,CZE,Container glass,0.0
2032,CZE,Other glass,0.0
2032,DEU,Flat glass,156749761.51231283
2032,DEU,Container glass,0.0
2032,DEU,Other glass,0.0
2032,DNK,Flat glass,6758718.066460767
2032,DNK,Container glass,0.0
2032,DNK,Other glass,0.0
2032,ESP,Flat glass,29991789.260484643
2032,ESP,Container glass,0.0
2032,ESP,Other glass,0.0
2032,EST,Flat glass,1184524.7974662844
2032,EST,Container glass,0.0
2032,EST,Other glass,0.0
2032,FIN,Flat glass,4651114.714416817
2032,FIN,Container glass,0.0
2032,FIN,Other glass,0.0
2032,FRA,Flat glass,80928769.86737652
2032,FRA,Container glass,0.0
2032,FRA,Other glass,0.0
2032,GBR,Flat glass,45821428.37401984
2032,GBR,Container glass,0.0
2032,GBR,Other glass,0.0
2032,GRC,Flat glass,9202384.591076162
2032,GRC,Container glass,0.0
2032,GRC,Other glass,0.0
2032,HRV,Flat glass,2099678.533314643
2032,HRV,Container glass,0.0
2032,HRV,Other glass,0.0
2032,HUN,Flat glass,10781821.11803045
2032,HUN,Container glass,0.0
2032,HUN,Other glass,0.0
2032,IRL,Flat glass,2448127.3575451365
2032,IRL,Container glass,0.0
2032,IRL,Other glass,0.0
2032,ITA,Flat glass,119760014.48984048
2032,ITA,Container glass,0.0
2032,ITA,Other glass,0.0
2032,LTU,Flat glass,1898979.9891949098
2032,LTU,Container glass,0.0
2032,LTU,Other glass,0.0
2032,LUX,Flat glass,592510.3523588518
2032,LUX,Container glass,0.0
2032,LUX,Other glass,0.0
2032,LVA,Flat glass,1418100.1306246938
2032,LVA,Container glass,0.0
2032,LVA,Other glass,0.0
2032,MLT,Flat glass,371052.16164630407
2032,MLT,Container glass,0.0
2032,MLT,Other glass,0.0
2032,NLD,Flat glass,16156969.603748312
2032,NLD,Container glass,0.0
2032,NLD,Other glass,0.0
2032,POL,Flat glass,28957336.708227575
2032,POL,Container glass,0.0
2032,POL,Other glass,0.0
2032,PRT,Flat glass,10648688.590329822
2032,PRT,Container glass,0.0
2032,PRT,Other glass,0.0
2032,ROU,Flat glass,9440931.126067864
2032,ROU,Container glass,0.0
2032,ROU,Other glass,0.0
2032,SVK,Flat glass,3349073.7376662963
2032,SVK,Container glass,0.0
2032,SVK,Other glass,0.0
2032,SVN,Flat glass,1614764.9372209276
2032,SVN,Container glass,0.0
2032,SVN,Other glass,0.0
2032,SWE,Flat glass,13395635.03019021
2032,SWE,Container glass,0.0
2032,SWE,Other glass,0.0
2033,AUT,Flat glass,11754198.734847775
2033,AUT,Container glass,0.0
2033,AUT,Other glass,0.0
2033,BEL,Flat glass,8143566.146910341
2033,BEL,Container glass,0.0
2033,BEL,Other glass,0.0
2033,BGR,Flat glass,5436022.916467993
2033,BGR,Container glass,0.0
2033,BGR,Other glass,0.0
2033,CYP,Flat glass,453232.395484613
2033,CYP,Container glass,0.0
2033,CYP,Other glass,0.0
2033,CZE,Flat glass,6819060.3641934525
2033,CZE,Container glass,0.0
2033,CZE,Other glass,0.0
2033,DEU,Flat glass,156749761.51231283
2033,DEU,Container glass,0.0
2033,DEU,Other glass,0.0
2033,DNK,Flat glass,6758718.066460767
2033,DNK,Container glass,0.0
2033,DNK,Other glass,0.0
2033,ESP,Flat glass,29991789.260484643
2033,ESP,Container glass,0.0
2033,ESP,Other glass,0.0
2033,EST,Flat glass,1184524.7974662844
2033,EST,Container glass,0.0
2033,EST,Other glass,0.0
2033,FIN,Flat glass,4651114.714416817
2033,FIN,Container glass,0.0
2033,FIN,Other glass,0.0
2033,FRA,Flat glass,80928769.86737652
2033,FRA,Container glass,0.0
2033,FRA,Other glass,0.0
2033,GBR,Flat glass,45821428.37401984
2033,GBR,Container glass,0.0
2033,GBR,Other glass,0.0
2033,GRC,Flat glass,9202384.591076162
2033,GRC,Container glass,0.0
2033,GRC,Other glass,0.0
2033,HRV,Flat glass,2099678.533314643
2033,HRV,Container glass,0.0
2033,HRV,Other glass,0.0
2033,HUN,Flat glass,10781821.11803045
2033,HUN,Container glass,0.0
2033,HUN,Other glass,0.0
2033,IRL,Flat glass,2448127.3575451365
2033,IRL,Container glass,0.0
2033,IRL,Other glass,0.0
2033,ITA,Flat glass,119760014.48984048
2033,ITA,Container glass,0.0
2033,ITA,Other glass,0.0
2033,LTU,Flat glass,1898979.9891949098
2033,LTU,Container glass,0.0
2033,LTU,Other glass,0.0
2033,LUX,Flat glass,592510.3523588518
2033,LUX,Container glass,0.0
2033,LUX,Other glass,0.0
2033,LVA,Flat glass,1418100.1306246938
2033,LVA,Container glass,0.0
2033,LVA,Other glass,0.0
2033,MLT,Flat glass,371052.16164630407
2033,MLT,Container glass,0.0
2033,MLT,Other glass,0.0
2033,NLD,Flat glass,16156969.603748312
2033,NLD,Container glass,0.0
2033,NLD,Other glass,0.0
2033,POL,Flat glass,28957336.708227575
2033,POL,Container glass,0.0
2033,POL,Other glass,0.0
2033,PRT,Flat glass,10648688.590329822
2033,PRT,Container glass,0.0
2033,PRT,Other glass,0.0
2033,ROU,Flat glass,9440931.126067864
2033,ROU,Container glass,0.0
2033,ROU,Other glass,0.0
2033,SVK,Flat glass,3349073.7376662963
2033,SVK,Container glass,0.0
2033,SVK,Other glass,0.0
2033,SVN,Flat glass,1614764.9372209276
2033,SVN,Container glass,0.0
2033,SVN,Other glass,0.0
2033,SWE,Flat glass,13395635.03019021
2033,SWE,Container glass,0.0
2033,SWE,Other glass,0.0
2034,AUT,Flat glass,11754198.734847775
2034,AUT,Container glass,0.0
2034,AUT,Other glass,0.0
2034,BEL,Flat glass,8143566.146910341
2034,BEL,Container glass,0.0
2034,BEL,Other glass,0.0
2034,BGR,Flat glass,5436022.916467993
2034,BGR,Container glass,0.0
2034,BGR,Other glass,0.0
2034,CYP,Flat glass,453232.395484613
2034,CYP,Container glass,0.0
2034,CYP,Other glass,0.0
2034,CZE,Flat glass,6819060.3641934525
2034,CZE,Container glass,0.0
2034,CZE,Other glass,0.0
2034,DEU,Flat glass,156749761.51231283
2034,DEU,Container glass,0.0
2034,DEU,Other glass,0.0
2034,DNK,Flat glass,6758718.066460767
2034,DNK,Container glass,0.0
2034,DNK,Other glass,0.0
2034,ESP,Flat glass,29991789.260484643
2034,ESP,Container glass,0.0
2034,ESP,Other glass,0.0
2034,EST,Flat glass,1184524.7974662844
2034,EST,Container glass,0.0
2034,EST,Other glass,0.0
2034,FIN,Flat glass,4651114.714416817
2034,FIN,Container glass,0.0
2034,FIN,Other glass,0.0
2034,FRA,Flat glass,80928769.86737652
2034,FRA,Container glass,0.0
2034,FRA,Other glass,0.0
2034,GBR,Flat glass,45821428.37401984
2034,GBR,Container glass,0.0
2034,GBR,Other glass,0.0
2034,GRC,Flat glass,9202384.591076162
2034,GRC,Container glass,0.0
2034,GRC,Other glass,0.0
2034,HRV,Flat glass,2099678.533314643
2034,HRV,Container glass,0.0
2034,HRV,Other glass,0.0
2034,HUN,Flat glass,10781821.11803045
2034,HUN,Container glass,0.0
2034,HUN,Other glass,0.0
2034,IRL,Flat glass,2448127.3575451365
2034,IRL,Container glass,0.0
2034,IRL,Other glass,0.0
2034,ITA,Flat glass,119760014.48984048
2034,ITA,Container glass,0.0
2034,ITA,Other glass,0.0
2034,LTU,Flat glass,1898979.9891949098
2034,LTU,Container glass,0.0
2034,LTU,Other glass,0.0
2034,LUX,Flat glass,592510.3523588518
2034,LUX,Container glass,0.0
2034,LUX,Other glass,0.0
2034,LVA,Flat glass,1418100.1306246938
2034,LVA,Container glass,0.0
2034,LVA,Other glass,0.0
2034,MLT,Flat glass,371052.16164630407
2034,MLT,Container glass,0.0
2034,MLT,Other glass,0.0
2034,NLD,Flat glass,16156969.603748312
2034,NLD,Container glass,0.0
2034,NLD,Other glass,0.0
2034,POL,Flat glass,28957336.708227575
2034,POL,Container glass,0.0
2034,POL,Other glass,0.0
2034,PRT,Flat glass,10648688.590329822
2034,PRT,Container glass,0.0
2034,PRT,Other glass,0.0
2034,ROU,Flat glass,9440931.126067864
2034,ROU,Container glass,0.0
2034,ROU,Other glass,0.0
2034,SVK,Flat glass,3349073.7376662963
2034,SVK,Container glass,0.0
2034,SVK,Other glass,0.0
2034,SVN,Flat glass,1614764.9372209276
2034,SVN,Container glass,0.0
2034,SVN,Other glass,0.0
2034,SWE,Flat glass,13395635.03019021
2034,SWE,Container glass,0.0
2034,SWE,Other glass,0.0
2035,AUT,Flat glass,11754198.734847775
2035,AUT,Container glass,0.0
2035,AUT,Other glass,0.0
2035,BEL,Flat glass,8143566.146910341
2035,BEL,Container glass,0.0
2035,BEL,Other glass,0.0
2035,BGR,Flat glass,5436022.916467993
2035,BGR,Container glass,0.0
2035,BGR,Other glass,0.0
2035,CYP,Flat glass,453232.395484613
2035,CYP,Container glass,0.0
2035,CYP,Other glass,0.0
2035,CZE,Flat glass,6819060.3641934525
2035,CZE,Container glass,0.0
2035,CZE,Other glass,0.0
2035,DEU,Flat glass,156749761.51231283
2035,DEU,Container glass,0.0
2035,DEU,Other glass,0.0
2035,DNK,Flat glass,6758718.066460767
2035,DNK,Container glass,0.0
2035,DNK,Other glass,0.0
2035,ESP,Flat glass,29991789.260484643
2035,ESP,Container glass,0.0
2035,ESP,Other glass,0.0
2035,EST,Flat glass,1184524.7974662844
2035,EST,Container glass,0.0
2035,EST,Other glass,0.0
2035,FIN,Flat glass,4651114.714416817
2035,FIN,Container glass,0.0
2035,FIN,Other glass,0.0
2035,FRA,Flat glass,80928769.86737652
2035,FRA,Container glass,0.0
2035,FRA,Other glass,0.0
2035,GBR,Flat glass,45821428.37401984
2035,GBR,Container glass,0.0
2035,GBR,Other glass,0.0
2035,GRC,Flat glass,9202384.591076162
2035,GRC,Container glass,0.0
2035,GRC,Other glass,0.0
2035,HRV,Flat glass,2099678.533314643
2035,HRV,Container glass,0.0
2035,HRV,Other glass,0.0
2035,HUN,Flat glass,10781821.11803045
2035,HUN,Container glass,0.0
2035,HUN,Other glass,0.0
2035,IRL,Flat glass,2448127.3575451365
2035,IRL,Container glass,0.0
2035,IRL,Other glass,0.0
2035,ITA,Flat glass,119760014.48984048
2035,ITA,Container glass,0.0
2035,ITA,Other glass,0.0
2035,LTU,Flat glass,1898979.9891949098
2035,LTU,Container glass,0.0
2035,LTU,Other glass,0.0
2035,LUX,Flat glass,592510.3523588518
2035,LUX,Container glass,0.0
2035,LUX,Other glass,0.0
2035,LVA,Flat glass,1418100.1306246938
2035,LVA,Container glass,0.0
2035,LVA,Other glass,0.0
2035,MLT,Flat glass,371052.16164630407
2035,MLT,Container glass,0.0
2035,MLT,Other glass,0.0
2035,NLD,Flat glass,16156969.603748312
2035,NLD,Container glass,0.0
2035,NLD,Other glass,0.0
2035,POL,Flat glass,28957336.708227575
2035,POL,Container glass,0.0
2035,POL,Other glass,0.0
2035,PRT,Flat glass,10648688.590329822
2035,PRT,Container glass,0.0
2035,PRT,Other glass,0.0
2035,ROU,Flat glass,9440931.126067864
2035,ROU,Container glass,0.0
2035,ROU,Other glass,0.0
2035,SVK,Flat glass,3349073.7376662963
2035,SVK,Container glass,0.0
2035,SVK,Other glass,0.0
2035,SVN,Flat glass,1614764.9372209276
2035,SVN,Container glass,0.0
2035,SVN,Other glass,0.0
2035,SWE,Flat glass,13395635.03019021
2035,SWE,Container glass,0.0
2035,SWE,Other glass,0.0
2036,AUT,Flat glass,11754198.734847775
2036,AUT,Container glass,0.0
2036,AUT,Other glass,0.0
2036,BEL,Flat glass,8143566.146910341
2036,BEL,Container glass,0.0
2036,BEL,Other glass,0.0
2036,BGR,Flat glass,5436022.916467993
2036,BGR,Container glass,0.0
2036,BGR,Other glass,0.0
2036,CYP,Flat glass,453232.395484613
2036,CYP,Container glass,0.0
2036,CYP,Other glass,0.0
2036,CZE,Flat glass,6819060.3641934525
2036,CZE,Container glass,0.0
2036,CZE,Other glass,0.0
2036,DEU,Flat glass,156749761.51231283
2036,DEU,Container glass,0.0
2036,DEU,Other glass,0.0
2036,DNK,Flat glass,6758718.066460767
2036,DNK,Container glass,0.0
2036,DNK,Other glass,0.0
2036,ESP,Flat glass,29991789.260484643
2036,ESP,Container glass,0.0
2036,ESP,Other glass,0.0
2036,EST,Flat glass,1184524.7974662844
2036,EST,Container glass,0.0
2036,EST,Other glass,0.0
2036,FIN,Flat glass,4651114.714416817
2036,FIN,Container glass,0.0
2036,FIN,Other glass,0.0
2036,FRA,Flat glass,80928769.86737652
2036,FRA,Container glass,0.0
2036,FRA,Other glass,0.0
2036,GBR,Flat glass,45821428.37401984
2036,GBR,Container glass,0.0
2036,GBR,Other glass,0.0
2036,GRC,Flat glass,9202384.591076162
2036,GRC,Container glass,0.0
2036,GRC,Other glass,0.0
2036,HRV,Flat glass,2099678.533314643
2036,HRV,Container glass,0.0
2036,HRV,Other glass,0.0
2036,HUN,Flat glass,10781821.11803045
2036,HUN,Container glass,0.0
2036,HUN,Other glass,0.0
2036,IRL,Flat glass,2448127.3575451365
2036,IRL,Container glass,0.0
2036,IRL,Other glass,0.0
2036,ITA,Flat glass,119760014.48984048
2036,ITA,Container glass,0.0
2036,ITA,Other glass,0.0
2036,LTU,Flat glass,1898979.9891949098
2036,LTU,Container glass,0.0
2036,LTU,Other glass,0.0
2036,LUX,Flat glass,592510.3523588518
2036,LUX,Container glass,0.0
2036,LUX,Other glass,0.0
2036,LVA,Flat glass,1418100.1306246938
2036,LVA,Container glass,0.0
2036,LVA,Other glass,0.0
2036,MLT,Flat glass,371052.16164630407
2036,MLT,Container glass,0.0
2036,MLT,Other glass,0.0
2036,NLD,Flat glass,16156969.603748312
2036,NLD,Container glass,0.0
2036,NLD,Other glass,0.0
2036,POL,Flat glass,28957336.708227575
2036,POL,Container glass,0.0
2036,POL,Other glass,0.0
2036,PRT,Flat glass,10648688.590329822
2036,PRT,Container glass,0.0
2036,PRT,Other glass,0.0
2036,ROU,Flat glass,9440931.126067864
2036,ROU,Container glass,0.0
2036,ROU,Other glass,0.0
2036,SVK,Flat glass,3349073.7376662963
2036,SVK,Container glass,0.0
2036,SVK,Other glass,0.0
2036,SVN,Flat glass,1614764.9372209276
2036,SVN,Container glass,0.0
2036,SVN,Other glass,0.0
2036,SWE,Flat glass,13395635.03019021
2036,SWE,Container glass,0.0
2036,SWE,Other glass,0.0
2037,AUT,Flat glass,11754198.734847775
2037,AUT,Container glass,0.0
2037,AUT,Other glass,0.0
2037,BEL,Flat glass,8143566.146910341
2037,BEL,Container glass,0.0
2037,BEL,Other glass,0.0
2037,BGR,Flat glass,5436022.916467993
2037,BGR,Container glass,0.0
2037,BGR,Other glass,0.0
2037,CYP,Flat glass,453232.395484613
2037,CYP,Container glass,0.0
2037,CYP,Other glass,0.0
2037,CZE,Flat glass,6819060.3641934525
2037,CZE,Container glass,0.0
2037,CZE,Other glass,0.0
2037,DEU,Flat glass,156749761.51231283
2037,DEU,Container glass,0.0
2037,DEU,Other glass,0.0
2037,DNK,Flat glass,6758718.066460767
2037,DNK,Container glass,0.0
2037,DNK,Other glass,0.0
2037,ESP,Flat glass,29991789.260484643
2037,ESP,Container glass,0.0
2037,ESP,Other glass,0.0
2037,EST,Flat glass,1184524.7974662844
2037,EST,Container glass,0.0
2037,EST,Other glass,0.0
2037,FIN,Flat glass,4651114.714416817
2037,FIN,Container glass,0.0
2037,FIN,Other glass,0.0
2037,FRA,Flat glass,80928769.86737652
2037,FRA,Container glass,0.0
2037,FRA,Other glass,0.0
2037,GBR,Flat glass,45821428.37401984
2037,GBR,Container glass,0.0
2037,GBR,Other glass,0.0
2037,GRC,Flat glass,9202384.591076162
2037,GRC,Container glass,0.0
2037,GRC,Other glass,0.0
2037,HRV,Flat glass,2099678.533314643
2037,HRV,Container glass,0.0
2037,HRV,Other glass,0.0
2037,HUN,Flat glass,10781821.11803045
2037,HUN,Container glass,0.0
2037,HUN,Other glass,0.0
2037,IRL,Flat glass,2448127.3575451365
2037,IRL,Container glass,0.0
2037,IRL,Other glass,0.0
2037,ITA,Flat glass,119760014.48984048
2037,ITA,Container glass,0.0
2037,ITA,Other glass,0.0
2037,LTU,Flat glass,1898979.9891949098
2037,LTU,Container glass,0.0
2037,LTU,Other glass,0.0
2037,LUX,Flat glass,592510.3523588518
2037,LUX,Container glass,0.0
2037,LUX,Other glass,0.0
2037,LVA,Flat glass,1418100.1306246938
2037,LVA,Container glass,0.0
2037,LVA,Other glass,0.0
2037,MLT,Flat glass,371052.16164630407
2037,MLT,Container glass,0.0
2037,MLT,Other glass,0.0
2037,NLD,Flat glass,16156969.603748312
2037,NLD,Container glass,0.0
2037,NLD,Other glass,0.0
2037,POL,Flat glass,28957336.708227575
2037,POL,Container glass,0.0
2037,POL,Other glass,0.0
2037,PRT,Flat glass,10648688.590329822
2037,PRT,Container glass,0.0
2037,PRT,Other glass,0.0
2037,ROU,Flat glass,9440931.126067864
2037,ROU,Container glass,0.0
2037,ROU,Other glass,0.0
2037,SVK,Flat glass,3349073.7376662963
2037,SVK,Container glass,0.0
2037,SVK,Other glass,0.0
2037,SVN,Flat glass,1614764.9372209276
2037,SVN,Container glass,0.0
2037,SVN,Other glass,0.0
2037,SWE,Flat glass,13395635.03019021
2037,SWE,Container glass,0.0
2037,SWE,Other glass,0.0
2038,AUT,Flat glass,11754198.734847775
2038,AUT,Container glass,0.0
2038,AUT,Other glass,0.0
2038,BEL,Flat glass,8143566.146910341
2038,BEL,Container glass,0.0
2038,BEL,Other glass,0.0
2038,BGR,Flat glass,5436022.916467993
2038,BGR,Container glass,0.0
2038,BGR,Other glass,0.0
2038,CYP,Flat glass,453232.395484613
2038,CYP,Container glass,0.0
2038,CYP,Other glass,0.0
2038,CZE,Flat glass,6819060.3641934525
2038,CZE,Container glass,0.0
2038,CZE,Other glass,0.0
2038,DEU,Flat glass,156749761.51231283
2038,DEU,Container glass,0.0
2038,DEU,Other glass,0.0
2038,DNK,Flat glass,6758718.066460767
2038,DNK,Container glass,0.0
2038,DNK,Other glass,0.0
2038,ESP,Flat glass,29991789.260484643
2038,ESP,Container glass,0.0
2038,ESP,Other glass,0.0
2038,EST,Flat glass,1184524.7974662844
2038,EST,Container glass,0.0
2038,EST,Other glass,0.0
2038,FIN,Flat glass,4651114.714416817
2038,FIN,Container glass,0.0
2038,FIN,Other glass,0.0
2038,FRA,Flat glass,80928769.86737652
2038,FRA,Container glass,0.0
2038,FRA,Other glass,0.0
2038,GBR,Flat glass,45821428.37401984
2038,GBR,Container glass,0.0
2038,GBR,Other glass,0.0
2038,GRC,Flat glass,9202384.591076162
2038,GRC,Container glass,0.0
2038,GRC,Other glass,0.0
2038,HRV,Flat glass,2099678.533314643
2038,HRV,Container glass,0.0
2038,HRV,Other glass,0.0
2038,HUN,Flat glass,10781821.11803045
2038,HUN,Container glass,0.0
2038,HUN,Other glass,0.0
2038,IRL,Flat glass,2448127.3575451365
2038,IRL,Container glass,0.0
2038,IRL,Other glass,0.0
2038,ITA,Flat glass,119760014.48984048
2038,ITA,Container glass,0.0
2038,ITA,Other glass,0.0
2038,LTU,Flat glass,1898979.9891949098
2038,LTU,Container glass,0.0
2038,LTU,Other glass,0.0
2038,LUX,Flat glass,592510.3523588518
2038,LUX,Container glass,0.0
2038,LUX,Other glass,0.0
2038,LVA,Flat glass,1418100.1306246938
2038,LVA,Container glass,0.0
2038,LVA,Other glass,0.0
2038,MLT,Flat glass,371052.16164630407
2038,MLT,Container glass,0.0
2038,MLT,Other glass,0.0
2038,NLD,Flat glass,16156969.603748312
2038,NLD,Container glass,0.0
2038,NLD,Other glass,0.0
2038,POL,Flat glass,28957336.708227575
2038,POL,Container glass,0.0
2038,POL,Other glass,0.0
2038,PRT,Flat glass,10648688.590329822
2038,PRT,Container glass,0.0
2038,PRT,Other glass,0.0
2038,ROU,Flat glass,9440931.126067864
2038,ROU,Container glass,0.0
2038,ROU,Other glass,0.0
2038,SVK,Flat glass,3349073.7376662963
2038,SVK,Container glass,0.0
2038,SVK,Other glass,0.0
2038,SVN,Flat glass,1614764.9372209276
2038,SVN,Container glass,0.0
2038,SVN,Other glass,0.0
2038,SWE,Flat glass,13395635.03019021
2038,SWE,Container glass,0.0
2038,SWE,Other glass,0.0
2039,AUT,Flat glass,11754198.734847775
2039,AUT,Container glass,0.0
2039,AUT,Other glass,0.0
2039,BEL,Flat glass,8143566.146910341
2039,BEL,Container glass,0.0
2039,BEL,Other glass,0.0
2039,BGR,Flat glass,5436022.916467993
2039,BGR,Container glass,0.0
2039,BGR,Other glass,0.0
2039,CYP,Flat glass,453232.395484613
2039,CYP,Container glass,0.0
2039,CYP,Other glass,0.0
2039,CZE,Flat glass,6819060.3641934525
2039,CZE,Container glass,0.0
2039,CZE,Other glass,0.0
2039,DEU,Flat glass,156749761.51231283
2039,DEU,Container glass,0.0
2039,DEU,Other glass,0.0
2039,DNK,Flat glass,6758718.066460767
2039,DNK,Container glass,0.0
2039,DNK,Other glass,0.0
2039,ESP,Flat glass,29991789.260484643
2039,ESP,Container glass,0.0
2039,ESP,Other glass,0.0
2039,EST,Flat glass,1184524.7974662844
2039,EST,Container glass,0.0
2039,EST,Other glass,0.0
2039,FIN,Flat glass,4651114.714416817
2039,FIN,Container glass,0.0
2039,FIN,Other glass,0.0
2039,FRA,Flat glass,80928769.86737652
2039,FRA,Container glass,0.0
2039,FRA,Other glass,0.0
2039,GBR,Flat glass,45821428.37401984
2039,GBR,Container glass,0.0
2039,GBR,Other glass,0.0
2039,GRC,Flat glass,9202384.591076162
2039,GRC,Container glass,0.0
2039,GRC,Other glass,0.0
2039,HRV,Flat glass,2099678.533314643
2039,HRV,Container glass,0.0
2039,HRV,Other glass,0.0
2039,HUN,Flat glass,10781821.11803045
2039,HUN,Container glass,0.0
2039,HUN,Other glass,0.0
2039,IRL,Flat glass,2448127.3575451365
2039,IRL,Container glass,0.0
2039,IRL,Other glass,0.0
2039,ITA,Flat glass,119760014.48984048
2039,ITA,Container glass,0.0
2039,ITA,Other glass,0.0
2039,LTU,Flat glass,1898979.9891949098
2039,LTU,Container glass,0.0
2039,LTU,Other glass,0.0
2039,LUX,Flat glass,592510.3523588518
2039,LUX,Container glass,0.0
2039,LUX,Other glass,0.0
2039,LVA,Flat glass,1418100.1306246938
2039,LVA,Container glass,0.0
2039,LVA,Other glass,0.0
2039,MLT,Flat glass,371052.16164630407
2039,MLT,Container glass,0.0
2039,MLT,Other glass,0.0
2039,NLD,Flat glass,16156969.603748312
2039,NLD,Container glass,0.0
2039,NLD,Other glass,0.0
2039,POL,Flat glass,28957336.708227575
2039,POL,Container glass,0.0
2039,POL,Other glass,0.0
2039,PRT,Flat glass,10648688.590329822
2039,PRT,Container glass,0.0
2039,PRT,Other glass,0.0
2039,ROU,Flat glass,9440931.126067864
2039,ROU,Container glass,0.0
2039,ROU,Other glass,0.0
2039,SVK,Flat glass,3349073.7376662963
2039,SVK,Container glass,0.0
2039,SVK,Other glass,0.0
2039,SVN,Flat glass,1614764.9372209276
2039,SVN,Container glass,0.0
2039,SVN,Other glass,0.0
2039,SWE,Flat glass,13395635.03019021
2039,SWE,Container glass,0.0
2039,SWE,Other glass,0.0
2040,AUT,Flat glass,11754198.734847777
2040,AUT,Container glass,0.0
2040,AUT,Other glass,0.0
2040,BEL,Flat glass,8143566.146910341
2040,BEL,Container glass,0.0
2040,BEL,Other glass,0.0
2040,BGR,Flat glass,5436022.916467993
2040,BGR,Container glass,0.0
2040,BGR,Other glass,0.0
2040,CYP,Flat glass,453232.395484613
2040,CYP,Container glass,0.0
2040,CYP,Other glass,0.0
2040,CZE,Flat glass,6819060.3641934525
2040,CZE,Container glass,0.0
2040,CZE,Other glass,0.0
2040,DEU,Flat glass,156749761.51231283
2040,DEU,Container glass,0.0
2040,DEU,Other glass,0.0
2040,DNK,Flat glass,6758718.066460767
2040,DNK,Container glass,0.0
2040,DNK,Other glass,0.0
2040,ESP,Flat glass,29991789.260484643
2040,ESP,Container glass,0.0
2040,ESP,Other glass,0.0
2040,EST,Flat glass,1184524.7974662844
2040,EST,Container glass,0.0
2040,EST,Other glass,0.0
2040,FIN,Flat glass,4651114.714416817
2040,FIN,Container glass,0.0
2040,FIN,Other glass,0.0
2040,FRA,Flat glass,80928769.86737652
2040,FRA,Container glass,0.0
2040,FRA,Other glass,0.0
2040,GBR,Flat glass,45821428.37401984
2040,GBR,Container glass,0.0
2040,GBR,Other glass,0.0
2040,GRC,Flat glass,9202384.591076162
2040,GRC,Container glass,0.0
2040,GRC,Other glass,0.0
2040,HRV,Flat glass,2099678.533314643
2040,HRV,Container glass,0.0
2040,HRV,Other glass,0.0
2040,HUN,Flat glass,10781821.11803045
2040,HUN,Container glass,0.0
2040,HUN,Other glass,0.0
2040,IRL,Flat glass,2448127.3575451365
2040,IRL,Container glass,0.0
2040,IRL,Other glass,0.0
2040,ITA,Flat glass,119760014.48984048
2040,ITA,Container glass,0.0
2040,ITA,Other glass,0.0
2040,LTU,Flat glass,1898979.9891949098
2040,LTU,Container glass,0.0
2040,LTU,Other glass,0.0
2040,LUX,Flat glass,592510.3523588518
2040,LUX,Container glass,0.0
2040,LUX,Other glass,0.0
2040,LVA,Flat glass,1418100.1306146937
2040,LVA,Container glass,0.0
2040,LVA,Other glass,0.0
2040,MLT,Flat glass,371052.16164630407
2040,MLT,Container glass,0.0
2040,MLT,Other glass,0.0
2040,NLD,Flat glass,16156969.603748312
2040,NLD,Container glass,0.0
2040,NLD,Other glass,0.0
2040,POL,Flat glass,28957336.708227575
2040,POL,Container glass,0.0
2040,POL,Other glass,0.0
2040,PRT,Flat glass,10648688.590329822
2040,PRT,Container glass,0.0
2040,PRT,Other glass,0.0
2040,ROU,Flat glass,9440931.126067864
2040,ROU,Container glass,0.0
2040,ROU,Other glass,0.0
2040,SVK,Flat glass,3349073.7373837586
2040,SVK,Container glass,0.0
2040,SVK,Other glass,0.0
2040,SVN,Flat glass,1614764.9372209276
2040,SVN,Container glass,0.0
2040,SVN,Other glass,0.0
2040,SWE,Flat glass,13395635.03019021
2040,SWE,Container glass,0.0
2040,SWE,Other glass,0.0
2041,AUT,Flat glass,16804022.255371306
2041,AUT,Container glass,0.0
2041,AUT,Other glass,0.0
2041,BEL,Flat glass,12139505.293423913
2041,BEL,Container glass,0.0
2041,BEL,Other glass,0.0
2041,BGR,Flat glass,7217068.708067037
2041,BGR,Container glass,0.0
2041,BGR,Other glass,0.0
2041,CYP,Flat glass,670404.4294033449
2041,CYP,Container glass,0.0
2041,CYP,Other glass,0.0
2041,CZE,Flat glass,9412941.270945007
2041,CZE,Container glass,0.0
2041,CZE,Other glass,0.0
2041,DEU,Flat glass,214795584.52014965
2041,DEU,Container glass,0.0
2041,DEU,Other glass,0.0
2041,DNK,Flat glass,9727728.83286689
2041,DNK,Container glass,0.0
2041,DNK,Other glass,0.0
2041,ESP,Flat glass,45551279.214139216
2041,ESP,Container glass,0.0
2041,ESP,Other glass,0.0
2041,EST,Flat glass,1636893.0868632977
2041,EST,Container glass,0.0
2041,EST,Other glass,0.0
2041,FIN,Flat glass,6961762.248461604
2041,FIN,Container glass,0.0
2041,FIN,Other glass,0.0
2041,FRA,Flat glass,111268595.01298206
2041,FRA,Container glass,0.0
2041,FRA,Other glass,0.0
2041,GBR,Flat glass,65390789.840093724
2041,GBR,Container glass,0.0
2041,GBR,Other glass,0.0
2041,GRC,Flat glass,13362919.753416948
2041,GRC,Container glass,0.0
2041,GRC,Other glass,0.0
2041,HRV,Flat glass,2912083.962809271
2041,HRV,Container glass,0.0
2041,HRV,Other glass,0.0
2041,HUN,Flat glass,14954713.976570722
2041,HUN,Container glass,0.0
2041,HUN,Other glass,0.0
2041,IRL,Flat glass,3715427.4272907334
2041,IRL,Container glass,0.0
2041,IRL,Other glass,0.0
2041,ITA,Flat glass,167921858.1436897
2041,ITA,Container glass,0.0
2041,ITA,Other glass,0.0
2041,LTU,Flat glass,2814189.577054636
2041,LTU,Container glass,0.0
2041,LTU,Other glass,0.0
2041,LUX,Flat glass,804037.6996245125
2041,LUX,Container glass,0.0
2041,LUX,Other glass,0.0
2041,LVA,Flat glass,2063365.9482166748
2041,LVA,Container glass,0.0
2041,LVA,Other glass,0.0
2041,MLT,Flat glass,514092.0729184701
2041,MLT,Container glass,0.0
2041,MLT,Other glass,0.0
2041,NLD,Flat glass,23405718.621784475
2041,NLD,Container glass,0.0
2041,NLD,Other glass,0.0
2041,POL,Flat glass,40432126.24199477
2041,POL,Container glass,0.0
2041,POL,Other glass,0.0
2041,PRT,Flat glass,16076501.0572081
2041,PRT,Container glass,0.0
2041,PRT,Other glass,0.0
2041,ROU,Flat glass,12702064.060286086
2041,ROU,Container glass,0.0
2041,ROU,Other glass,0.0
2041,SVK,Flat glass,4523027.397002246
2041,SVK,Container glass,0.0
2041,SVK,Other glass,0.0
2041,SVN,Flat glass,2314441.040508164
2041,SVN,Container glass,0.0
2041,SVN,Other glass,0.0
2041,SWE,Flat glass,18476484.282288924
2041,SWE,Container glass,0.0
2041,SWE,Other glass,0.0
2042,AUT,Flat glass,16804022.255371306
2042,AUT,Container glass,0.0
2042,AUT,Other glass,0.0
2042,BEL,Flat glass,12139505.293423913
2042,BEL,Container glass,0.0
2042,BEL,Other glass,0.0
2042,BGR,Flat glass,7217068.708067037
2042,BGR,Container glass,0.0
2042,BGR,Other glass,0.0
2042,CYP,Flat glass,670404.4294033449
2042,CYP,Container glass,0.0
2042,CYP,Other glass,0.0
2042,CZE,Flat glass,9412941.270945007
2042,CZE,Container glass,0.0
2042,CZE,Other glass,0.0
2042,DEU,Flat glass,214795584.52014965
2042,DEU,Container glass,0.0
2042,DEU,Other glass,0.0
2042,DNK,Flat glass,9727728.83286689
2042,DNK,Container glass,0.0
2042,DNK,Other glass,0.0
2042,ESP,Flat glass,45551279.214139216
2042,ESP,Container glass,0.0
2042,ESP,Other glass,0.0
2042,EST,Flat glass,1636893.0868632977
2042,EST,Container glass,0.0
2042,EST,Other glass,0.0
2042,FIN,Flat glass,6961762.248461604
2042,FIN,Container glass,0.0
2042,FIN,Other glass,0.0
2042,FRA,Flat glass,111268595.01298206
2042,FRA,Container glass,0.0
2042,FRA,Other glass,0.0
2042,GBR,Flat glass,65390789.840093724
2042,GBR,Container glass,0.0
2042,GBR,Other glass,0.0
2042,GRC,Flat glass,13362919.753416948
2042,GRC,Container glass,0.0
2042,GRC,Other glass,0.0
2042,HRV,Flat glass,2912083.962809271
2042,HRV,Container glass,0.0
2042,HRV,Other glass,0.0
2042,HUN,Flat glass,14954713.976570722
2042,HUN,Container glass,0.0
2042,HUN,Other glass,0.0
2042,IRL,Flat glass,3715427.4272907334
2042,IRL,Container glass,0.0
2042,IRL,Other glass,0.0
2042,ITA,Flat glass,167921858.1436897
2042,ITA,Container glass,0.0
2042,ITA,Other glass,0.0
2042,LTU,Flat glass,2814189.577054636
2042,LTU,Container glass,0.0
2042,LTU,Other glass,0.0
2042,LUX,Flat glass,804037.6996245125
2042,LUX,Container glass,0.0
2042,LUX,Other glass,0.0
2042,LVA,Flat glass,2063365.9482166748
2042,LVA,Container glass,0.0
2042,LVA,Other glass,0.0
2042,MLT,Flat glass,514092.0729184701
2042,MLT,Container glass,0.0
2042,MLT,Other glass,0.0
2042,NLD,Flat glass,23405718.621784475
2042,NLD,Container glass,0.0
2042,NLD,Other glass,0.0
2042,POL,Flat glass,40432126.24199477
2042,POL,Container glass,0.0
2042,POL,Other glass,0.0
2042,PRT,Flat glass,16076501.0572081
2042,PRT,Container glass,0.0
2042,PRT,Other glass,0.0
2042,ROU,Flat glass,12702064.060286086
2042,ROU,Container glass,0.0
2042,ROU,Other glass,0.0
2042,SVK,Flat glass,4523027.397002246
2042,SVK,Container glass,0.0
2042,SVK,Other glass,0.0
2042,SVN,Flat glass,2314441.040225626
2042,SVN,Container glass,0.0
2042,SVN,Other glass,0.0
2042,SWE,Flat glass,18476484.282288924
2042,SWE,Container glass,0.0
2042,SWE,Other glass,0.0
2043,AUT,Flat glass,16804022.255371306
2043,AUT,Container glass,0.0
2043,AUT,Other glass,0.0
2043,BEL,Flat glass,12139505.293423913
2043,BEL,Container glass,0.0
2043,BEL,Other glass,0.0
2043,BGR,Flat glass,7217068.708067037
2043,BGR,Container glass,0.0
2043,BGR,Other glass,0.0
2043,CYP,Flat glass,670404.4294033449
2043,CYP,Container glass,0.0
2043,CYP,Other glass,0.0
2043,CZE,Flat glass,9412941.270945007
2043,CZE,Container glass,0.0
2043,CZE,Other glass,0.0
2043,DEU,Flat glass,214795584.52014965
2043,DEU,Container glass,0.0
2043,DEU,Other glass,0.0
2043,DNK,Flat glass,9727728.83286689
2043,DNK,Container glass,0.0
2043,DNK,Other glass,0.0
2043,ESP,Flat glass,45551279.214139216
2043,ESP,Container glass,0.0
2043,ESP,Other glass,0.0
2043,EST,Flat glass,1636893.0868632977
2043,EST,Container glass,0.0
2043,EST,Other glass,0.0
2043,FIN,Flat glass,6961762.248461604
2043,FIN,Container glass,0.0
2043,FIN,Other glass,0.0
2043,FRA,Flat glass,111268595.01298206
2043,FRA,Container glass,0.0
2043,FRA,Other glass,0.0
2043,GBR,Flat glass,65390789.840093724
2043,GBR,Container glass,0.0
2043,GBR,Other glass,0.0
2043,GRC,Flat glass,13362919.753416948
2043,GRC,Container glass,0.0
2043,GRC,Other glass,0.0
2043,HRV,Flat glass,2912083.962809271
2043,HRV,Container glass,0.0
2043,HRV,Other glass,0.0
2043,HUN,Flat glass,14954713.976570722
2043,HUN,Container glass,0.0
2043,HUN,Other glass,0.0
2043,IRL,Flat glass,3715427.4272907334
2043,IRL,Container glass,0.0
2043,IRL,Other glass,0.0
2043,ITA,Flat glass,167921858.1436897
2043,ITA,Container glass,0.0
2043,ITA,Other glass,0.0
2043,LTU,Flat glass,2814189.577054636
2043,LTU,Container glass,0.0
2043,LTU,Other glass,0.0
2043,LUX,Flat glass,804037.6996245125
2043,LUX,Container glass,0.0
2043,LUX,Other glass,0.0
2043,LVA,Flat glass,2063365.9482166748
2043,LVA,Container glass,0.0
2043,LVA,Other glass,0.0
2043,MLT,Flat glass,514092.0729184701
2043,MLT,Container glass,0.0
2043,MLT,Other glass,0.0
2043,NLD,Flat glass,23405718.621784475
2043,NLD,Container glass,0.0
2043,NLD,Other glass,0.0
2043,POL,Flat glass,40432126.24199477
2043,POL,Container glass,0.0
2043,POL,Other glass,0.0
2043,PRT,Flat glass,16076501.0572081
2043,PRT,Container glass,0.0
2043,PRT,Other glass,0.0
2043,ROU,Flat glass,12702064.060286086
2043,ROU,Container glass,0.0
2043,ROU,Other glass,0.0
2043,SVK,Flat glass,4523027.397002246
2043,SVK,Container glass,0.0
2043,SVK,Other glass,0.0
2043,SVN,Flat glass,2314441.040225626
2043,SVN,Container glass,0.0
2043,SVN,Other glass,0.0
2043,SWE,Flat glass,18476484.282288924
2043,SWE,Container glass,0.0
2043,SWE,Other glass,0.0
2044,AUT,Flat glass,16804022.255371306
2044,AUT,Container glass,0.0
2044,AUT,Other glass,0.0
2044,BEL,Flat glass,12139505.293423913
2044,BEL,Container glass,0.0
2044,BEL,Other glass,0.0
2044,BGR,Flat glass,7217068.708067037
2044,BGR,Container glass,0.0
2044,BGR,Other glass,0.0
2044,CYP,Flat glass,670404.4294033449
2044,CYP,Container glass,0.0
2044,CYP,Other glass,0.0
2044,CZE,Flat glass,9412941.270945007
2044,CZE,Container glass,0.0
2044,CZE,Other glass,0.0
2044,DEU,Flat glass,214795584.52014965
2044,DEU,Container glass,0.0
2044,DEU,Other glass,0.0
2044,DNK,Flat glass,9727728.83286689
2044,DNK,Container glass,0.0
2044,DNK,Other glass,0.0
2044,ESP,Flat glass,45551279.214139216
2044,ESP,Container glass,0.0
2044,ESP,Other glass,0.0
2044,EST,Flat glass,1636893.0868632977
2044,EST,Container glass,0.0
2044,EST,Other glass,0.0
2044,FIN,Flat glass,6961762.248461604
2044,FIN,Container glass,0.0
2044,FIN,Other glass,0.0
2044,FRA,Flat glass,111268595.01298206
2044,FRA,Container glass,0.0
2044,FRA,Other glass,0.0
2044,GBR,Flat glass,65390789.840093724
2044,GBR,Container glass,0.0
2044,GBR,Other glass,0.0
2044,GRC,Flat glass,13362919.753416948
2044,GRC,Container glass,0.0
2044,GRC,Other glass,0.0
2044,HRV,Flat glass,2912083.962809271
2044,HRV,Container glass,0.0
2044,HRV,Other glass,0.0
2044,HUN,Flat glass,14954713.976570722
2044,HUN,Container glass,0.0
2044,HUN,Other glass,0.0
2044,IRL,Flat glass,3715427.4272907334
2044,IRL,Container glass,0.0
2044,IRL,Other glass,0.0
2044,ITA,Flat glass,167921858.1436897
2044,ITA,Container glass,0.0
2044,ITA,Other glass,0.0
2044,LTU,Flat glass,2814189.577054636
2044,LTU,Container glass,0.0
2044,LTU,Other glass,0.0
2044,LUX,Flat glass,804037.6996245125
2044,LUX,Container glass,0.0
2044,LUX,Other glass,0.0
2044,LVA,Flat glass,2063365.9482166748
2044,LVA,Container glass,0.0
2044,LVA,Other glass,0.0
2044,MLT,Flat glass,514092.0729184701
2044,MLT,Container glass,0.0
2044,MLT,Other glass,0.0
2044,NLD,Flat glass,23405718.621784475
2044,NLD,Container glass,0.0
2044,NLD,Other glass,0.0
2044,POL,Flat glass,40432126.24199477
2044,POL,Container glass,0.0
2044,POL,Other glass,0.0
2044,PRT,Flat glass,16076501.0572081
2044,PRT,Container glass,0.0
2044,PRT,Other glass,0.0
2044,ROU,Flat glass,12702064.060286086
2044,ROU,Container glass,0.0
2044,ROU,Other glass,0.0
2044,SVK,Flat glass,4523027.397002246
2044,SVK,Container glass,0.0
2044,SVK,Other glass,0.0
2044,SVN,Flat glass,2314441.040225626
2044,SVN,Container glass,0.0
2044,SVN,Other glass,0.0
2044,SWE,Flat glass,18476484.282288924
2044,SWE,Container glass,0.0
2044,SWE,Other glass,0.0
2045,AUT,Flat glass,16804022.255371306
2045,AUT,Container glass,0.0
2045,AUT,Other glass,0.0
2045,BEL,Flat glass,12139505.293423913
2045,BEL,Container glass,0.0
2045,BEL,Other glass,0.0
2045,BGR,Flat glass,7217068.708067037
2045,BGR,Container glass,0.0
2045,BGR,Other glass,0.0
2045,CYP,Flat glass,670404.4294033449
2045,CYP,Container glass,0.0
2045,CYP,Other glass,0.0
2045,CZE,Flat glass,9412941.270945007
2045,CZE,Container glass,0.0
2045,CZE,Other glass,0.0
2045,DEU,Flat glass,214795584.52014965
2045,DEU,Container glass,0.0
2045,DEU,Other glass,0.0
2045,DNK,Flat glass,9727728.83286689
2045,DNK,Container glass,0.0
2045,DNK,Other glass,0.0
2045,ESP,Flat glass,45551279.214139216
2045,ESP,Container glass,0.0
2045,ESP,Other glass,0.0
2045,EST,Flat glass,1636893.0868632977
2045,EST,Container glass,0.0
2045,EST,Other glass,0.0
2045,FIN,Flat glass,6961762.248461604
2045,FIN,Container glass,0.0
2045,FIN,Other glass,0.0
2045,FRA,Flat glass,111268595.01298206
2045,FRA,Container glass,0.0
2045,FRA,Other glass,0.0
2045,GBR,Flat glass,65390789.840093724
2045,GBR,Container glass,0.0
2045,GBR,Other glass,0.0
2045,GRC,Flat glass,13362919.753416948
2045,GRC,Container glass,0.0
2045,GRC,Other glass,0.0
2045,HRV,Flat glass,2912083.962809271
2045,HRV,Container glass,0.0
2045,HRV,Other glass,0.0
2045,HUN,Flat glass,14954713.976570722
2045,HUN,Container glass,0.0
2045,HUN,Other glass,0.0
2045,IRL,Flat glass,3715427.4272907334
2045,IRL,Container glass,0.0
2045,IRL,Other glass,0.0
2045,ITA,Flat glass,167921858.1436897
2045,ITA,Container glass,0.0
2045,ITA,Other glass,0.0
2045,LTU,Flat glass,2814189.577054636
2045,LTU,Container glass,0.0
2045,LTU,Other glass,0.0
2045,LUX,Flat glass,804037.6996245125
2045,LUX,Container glass,0.0
2045,LUX,Other glass,0.0
2045,LVA,Flat glass,2063365.9482166748
2045,LVA,Container glass,0.0
2045,LVA,Other glass,0.0
2045,MLT,Flat glass,514092.0729184701
2045,MLT,Container glass,0.0
2045,MLT,Other glass,0.0
2045,NLD,Flat glass,23405718.621784475
2045,NLD,Container glass,0.0
2045,NLD,Other glass,0.0
2045,POL,Flat glass,40432126.24199477
2045,POL,Container glass,0.0
2045,POL,Other glass,0.0
2045,PRT,Flat glass,16076501.0572081
2045,PRT,Container glass,0.0
2045,PRT,Other glass,0.0
2045,ROU,Flat glass,12702064.060286086
2045,ROU,Container glass,0.0
2045,ROU,Other glass,0.0
2045,SVK,Flat glass,4523027.397002246
2045,SVK,Container glass,0.0
2045,SVK,Other glass,0.0
2045,SVN,Flat glass,2314441.040225626
2045,SVN,Container glass,0.0
2045,SVN,Other glass,0.0
2045,SWE,Flat glass,18476484.282288924
2045,SWE,Container glass,0.0
2045,SWE,Other glass,0.0
2046,AUT,Flat glass,16804022.255371306
2046,AUT,Container glass,0.0
2046,AUT,Other glass,0.0
2046,BEL,Flat glass,12139505.293423913
2046,BEL,Container glass,0.0
2046,BEL,Other glass,0.0
2046,BGR,Flat glass,7217068.708067037
2046,BGR,Container glass,0.0
2046,BGR,Other glass,0.0
2046,CYP,Flat glass,670404.4294033449
2046,CYP,Container glass,0.0
2046,CYP,Other glass,0.0
2046,CZE,Flat glass,9412941.270945007
2046,CZE,Container glass,0.0
2046,CZE,Other glass,0.0
2046,DEU,Flat glass,214795584.52014965
2046,DEU,Container glass,0.0
2046,DEU,Other glass,0.0
2046,DNK,Flat glass,9727728.83286689
2046,DNK,Container glass,0.0
2046,DNK,Other glass,0.0
2046,ESP,Flat glass,45551279.214139216
2046,ESP,Container glass,0.0
2046,ESP,Other glass,0.0
2046,EST,Flat glass,1636893.0868632977
2046,EST,Container glass,0.0
2046,EST,Other glass,0.0
2046,FIN,Flat glass,6961762.248461604
2046,FIN,Container glass,0.0
2046,FIN,Other glass,0.0
2046,FRA,Flat glass,111268595.01298206
2046,FRA,Container glass,0.0
2046,FRA,Other glass,0.0
2046,GBR,Flat glass,65390789.840093724
2046,GBR,Container glass,0.0
2046,GBR,Other glass,0.0
2046,GRC,Flat glass,13362919.753416948
2046,GRC,Container glass,0.0
2046,GRC,Other glass,0.0
2046,HRV,Flat glass,2912083.962809271
2046,HRV,Container glass,0.0
2046,HRV,Other glass,0.0
2046,HUN,Flat glass,14954713.976570722
2046,HUN,Container glass,0.0
2046,HUN,Other glass,0.0
2046,IRL,Flat glass,3715427.4272907334
2046,IRL,Container glass,0.0
2046,IRL,Other glass,0.0
2046,ITA,Flat glass,167921858.1436897
2046,ITA,Container glass,0.0
2046,ITA,Other glass,0.0
2046,LTU,Flat glass,2814189.577054636
2046,LTU,Container glass,0.0
2046,LTU,Other glass,0.0
2046,LUX,Flat glass,804037.6996245125
2046,LUX,Container glass,0.0
2046,LUX,Other glass,0.0
2046,LVA,Flat glass,2063365.9482166748
2046,LVA,Container glass,0.0
2046,LVA,Other glass,0.0
2046,MLT,Flat glass,514092.0729184701
2046,MLT,Container glass,0.0
2046,MLT,Other glass,0.0
2046,NLD,Flat glass,23405718.621784475
2046,NLD,Container glass,0.0
2046,NLD,Other glass,0.0
2046,POL,Flat glass,40432126.24199477
2046,POL,Container glass,0.0
2046,POL,Other glass,0.0
2046,PRT,Flat glass,16076501.0572081
2046,PRT,Container glass,0.0
2046,PRT,Other glass,0.0
2046,ROU,Flat glass,12702064.060286086
2046,ROU,Container glass,0.0
2046,ROU,Other glass,0.0
2046,SVK,Flat glass,4523027.397002246
2046,SVK,Container glass,0.0
2046,SVK,Other glass,0.0
2046,SVN,Flat glass,2314441.040508164
2046,SVN,Container glass,0.0
2046,SVN,Other glass,0.0
2046,SWE,Flat glass,18476484.282288924
2046,SWE,Container glass,0.0
2046,SWE,Other glass,0.0
2047,AUT,Flat glass,16804022.255371306
2047,AUT,Container glass,0.0
2047,AUT,Other glass,0.0
2047,BEL,Flat glass,12139505.293423913
2047,BEL,Container glass,0.0
2047,BEL,Other glass,0.0
2047,BGR,Flat glass,7217068.708067037
2047,BGR,Container glass,0.0
2047,BGR,Other glass,0.0
2047,CYP,Flat glass,670404.4294033449
2047,CYP,Container glass,0.0
2047,CYP,Other glass,0.0
2047,CZE,Flat glass,9412941.270945007
2047,CZE,Container glass,0.0
2047,CZE,Other glass,0.0
2047,DEU,Flat glass,214795584.52014965
2047,DEU,Container glass,0.0
2047,DEU,Other glass,0.0
2047,DNK,Flat glass,9727728.83286689
2047,DNK,Container glass,0.0
2047,DNK,Other glass,0.0
2047,ESP,Flat glass,45551279.214139216
2047,ESP,Container glass,0.0
2047,ESP,Other glass,0.0
2047,EST,Flat glass,1636893.0868632977
2047,EST,Container glass,0.0
2047,EST,Other glass,0.0
2047,FIN,Flat glass,6961762.248461604
2047,FIN,Container glass,0.0
2047,FIN,Other glass,0.0
2047,FRA,Flat glass,111268595.01298206
2047,FRA,Container glass,0.0
2047,FRA,Other glass,0.0
2047,GBR,Flat glass,65390789.840093724
2047,GBR,Container glass,0.0
2047,GBR,Other glass,0.0
2047,GRC,Flat glass,13362919.753416948
2047,GRC,Container glass,0.0
2047,GRC,Other glass,0.0
2047,HRV,Flat glass,2912083.962809271
2047,HRV,Container glass,0.0
2047,HRV,Other glass,0.0
2047,HUN,Flat glass,14954713.976570722
2047,HUN,Container glass,0.0
2047,HUN,Other glass,0.0
2047,IRL,Flat glass,3715427.4272907334
2047,IRL,Container glass,0.0
2047,IRL,Other glass,0.0
2047,ITA,Flat glass,167921858.1436897
2047,ITA,Container glass,0.0
2047,ITA,Other glass,0.0
2047,LTU,Flat glass,2814189.577054636
2047,LTU,Container glass,0.0
2047,LTU,Other glass,0.0
2047,LUX,Flat glass,804037.6996245125
2047,LUX,Container glass,0.0
2047,LUX,Other glass,0.0
2047,LVA,Flat glass,2063365.9482166748
2047,LVA,Container glass,0.0
2047,LVA,Other glass,0.0
2047,MLT,Flat glass,514092.0729184701
2047,MLT,Container glass,0.0
2047,MLT,Other glass,0.0
2047,NLD,Flat glass,23405718.621784475
2047,NLD,Container glass,0.0
2047,NLD,Other glass,0.0
2047,POL,Flat glass,40432126.24199477
2047,POL,Container glass,0.0
2047,POL,Other glass,0.0
2047,PRT,Flat glass,16076501.0572081
2047,PRT,Container glass,0.0
2047,PRT,Other glass,0.0
2047,ROU,Flat glass,12702064.060286086
2047,ROU,Container glass,0.0
2047,ROU,Other glass,0.0
2047,SVK,Flat glass,4523027.397002246
2047,SVK,Container glass,0.0
2047,SVK,Other glass,0.0
2047,SVN,Flat glass,2314441.040508164
2047,SVN,Container glass,0.0
2047,SVN,Other glass,0.0
2047,SWE,Flat glass,18476484.282288924
2047,SWE,Container glass,0.0
2047,SWE,Other glass,0.0
2048,AUT,Flat glass,16804022.255371306
2048,AUT,Container glass,0.0
2048,AUT,Other glass,0.0
2048,BEL,Flat glass,12139505.293423913
2048,BEL,Container glass,0.0
2048,BEL,Other glass,0.0
2048,BGR,Flat glass,7217068.708067037
2048,BGR,Container glass,0.0
2048,BGR,Other glass,0.0
2048,CYP,Flat glass,670404.4294033449
2048,CYP,Container glass,0.0
2048,CYP,Other glass,0.0
2048,CZE,Flat glass,9412941.270945007
2048,CZE,Container glass,0.0
2048,CZE,Other glass,0.0
2048,DEU,Flat glass,214795584.52014965
2048,DEU,Container glass,0.0
2048,DEU,Other glass,0.0
2048,DNK,Flat glass,9727728.83286689
2048,DNK,Container glass,0.0
2048,DNK,Other glass,0.0
2048,ESP,Flat glass,45551279.214139216
2048,ESP,Container glass,0.0
2048,ESP,Other glass,0.0
2048,EST,Flat glass,1636893.0868632977
2048,EST,Container glass,0.0
2048,EST,Other glass,0.0
2048,FIN,Flat glass,6961762.248461604
2048,FIN,Container glass,0.0
2048,FIN,Other glass,0.0
2048,FRA,Flat glass,111268595.01298206
2048,FRA,Container glass,0.0
2048,FRA,Other glass,0.0
2048,GBR,Flat glass,65390789.840093724
2048,GBR,Container glass,0.0
2048,GBR,Other glass,0.0
2048,GRC,Flat glass,13362919.753416948
2048,GRC,Container glass,0.0
2048,GRC,Other glass,0.0
2048,HRV,Flat glass,2912083.962809271
2048,HRV,Container glass,0.0
2048,HRV,Other glass,0.0
2048,HUN,Flat glass,14954713.976570722
2048,HUN,Container glass,0.0
2048,HUN,Other glass,0.0
2048,IRL,Flat glass,3715427.4272907334
2048,IRL,Container glass,0.0
2048,IRL,Other glass,0.0
2048,ITA,Flat glass,167921858.1436897
2048,ITA,Container glass,0.0
2048,ITA,Other glass,0.0
2048,LTU,Flat glass,2814189.577054636
2048,LTU,Container glass,0.0
2048,LTU,Other glass,0.0
2048,LUX,Flat glass,804037.6996245125
2048,LUX,Container glass,0.0
2048,LUX,Other glass,0.0
2048,LVA,Flat glass,2063365.9482166748
2048,LVA,Container glass,0.0
2048,LVA,Other glass,0.0
2048,MLT,Flat glass,514092.0729184701
2048,MLT,Container glass,0.0
2048,MLT,Other glass,0.0
2048,NLD,Flat glass,23405718.621784475
2048,NLD,Container glass,0.0
2048,NLD,Other glass,0.0
2048,POL,Flat glass,40432126.24199477
2048,POL,Container glass,0.0
2048,POL,Other glass,0.0
2048,PRT,Flat glass,16076501.0572081
2048,PRT,Container glass,0.0
2048,PRT,Other glass,0.0
2048,ROU,Flat glass,12702064.060286086
2048,ROU,Container glass,0.0
2048,ROU,Other glass,0.0
2048,SVK,Flat glass,4523027.397002246
2048,SVK,Container glass,0.0
2048,SVK,Other glass,0.0
2048,SVN,Flat glass,2314441.040508164
2048,SVN,Container glass,0.0
2048,SVN,Other glass,0.0
2048,SWE,Flat glass,18476484.282288924
2048,SWE,Container glass,0.0
2048,SWE,Other glass,0.0
2049,AUT,Flat glass,16804022.255371306
2049,AUT,Container glass,0.0
2049,AUT,Other glass,0.0
2049,BEL,Flat glass,12139505.293423913
2049,BEL,Container glass,0.0
2049,BEL,Other glass,0.0
2049,BGR,Flat glass,7217068.708067037
2049,BGR,Container glass,0.0
2049,BGR,Other glass,0.0
2049,CYP,Flat glass,670404.4294033449
2049,CYP,Container glass,0.0
2049,CYP,Other glass,0.0
2049,CZE,Flat glass,9412941.270945007
2049,CZE,Container glass,0.0
2049,CZE,Other glass,0.0
2049,DEU,Flat glass,214795584.52014965
2049,DEU,Container glass,0.0
2049,DEU,Other glass,0.0
2049,DNK,Flat glass,9727728.83286689
2049,DNK,Container glass,0.0
2049,DNK,Other glass,0.0
2049,ESP,Flat glass,45551279.214139216
2049,ESP,Container glass,0.0
2049,ESP,Other glass,0.0
2049,EST,Flat glass,1636893.0868632977
2049,EST,Container glass,0.0
2049,EST,Other glass,0.0
2049,FIN,Flat glass,6961762.248461604
2049,FIN,Container glass,0.0
2049,FIN,Other glass,0.0
2049,FRA,Flat glass,111268595.01298206
2049,FRA,Container glass,0.0
2049,FRA,Other glass,0.0
2049,GBR,Flat glass,65390789.840093724
2049,GBR,Container glass,0.0
2049,GBR,Other glass,0.0
2049,GRC,Flat glass,13362919.753416948
2049,GRC,Container glass,0.0
2049,GRC,Other glass,0.0
2049,HRV,Flat glass,2912083.962809271
2049,HRV,Container glass,0.0
2049,HRV,Other glass,0.0
2049,HUN,Flat glass,14954713.976570722
2049,HUN,Container glass,0.0
2049,HUN,Other glass,0.0
2049,IRL,Flat glass,3715427.4272907334
2049,IRL,Container glass,0.0
2049,IRL,Other glass,0.0
2049,ITA,Flat glass,167921858.1436897
2049,ITA,Container glass,0.0
2049,ITA,Other glass,0.0
2049,LTU,Flat glass,2814189.577054636
2049,LTU,Container glass,0.0
2049,LTU,Other glass,0.0
2049,LUX,Flat glass,804037.6996245125
2049,LUX,Container glass,0.0
2049,LUX,Other glass,0.0
2049,LVA,Flat glass,2063365.9482166748
2049,LVA,Container glass,0.0
2049,LVA,Other glass,0.0
2049,MLT,Flat glass,514092.0729184701
2049,MLT,Container glass,0.0
2049,MLT,Other glass,0.0
2049,NLD,Flat glass,23405718.621784475
2049,NLD,Container glass,0.0
2049,NLD,Other glass,0.0
2049,POL,Flat glass,40432126.24199477
2049,POL,Container glass,0.0
2049,POL,Other glass,0.0
2049,PRT,Flat glass,16076501.0572081
2049,PRT,Container glass,0.0
2049,PRT,Other glass,0.0
2049,ROU,Flat glass,12702064.060286086
2049,ROU,Container glass,0.0
2049,ROU,Other glass,0.0
2049,SVK,Flat glass,4523027.397002246
2049,SVK,Container glass,0.0
2049,SVK,Other glass,0.0
2049,SVN,Flat glass,2314441.040508164
2049,SVN,Container glass,0.0
2049,SVN,Other glass,0.0
2049,SWE,Flat glass,18476484.282288924
2049,SWE,Container glass,0.0
2049,SWE,Other glass,0.0
2050,AUT,Flat glass,16804022.255371306
2050,AUT,Container glass,0.0
2050,AUT,Other glass,0.0
2050,BEL,Flat glass,12139505.293423913
2050,BEL,Container glass,0.0
2050,BEL,Other glass,0.0
2050,BGR,Flat glass,7217068.708067037
2050,BGR,Container glass,0.0
2050,BGR,Other glass,0.0
2050,CYP,Flat glass,670404.4294033449
2050,CYP,Container glass,0.0
2050,CYP,Other glass,0.0
2050,CZE,Flat glass,9412941.270945007
2050,CZE,Container glass,0.0
2050,CZE,Other glass,0.0
2050,DEU,Flat glass,214795584.51989204
2050,DEU,Container glass,0.0
2050,DEU,Other glass,0.0
2050,DNK,Flat glass,9727728.83286689
2050,DNK,Container glass,0.0
2050,DNK,Other glass,0.0
2050,ESP,Flat glass,45551279.214139216
2050,ESP,Container glass,0.0
2050,ESP,Other glass,0.0
2050,EST,Flat glass,1636893.0868782976
2050,EST,Container glass,0.0
2050,EST,Other glass,0.0
2050,FIN,Flat glass,6961762.248461604
2050,FIN,Container glass,0.0
2050,FIN,Other glass,0.0
2050,FRA,Flat glass,111268595.01298206
2050,FRA,Container glass,0.0
2050,FRA,Other glass,0.0
2050,GBR,Flat glass,65390789.840093724
2050,GBR,Container glass,0.0
2050,GBR,Other glass,0.0
2050,GRC,Flat glass,13362919.753416948
2050,GRC,Container glass,0.0
2050,GRC,Other glass,0.0
2050,HRV,Flat glass,2912083.962809271
2050,HRV,Container glass,0.0
2050,HRV,Other glass,0.0
2050,HUN,Flat glass,14954713.976570722
2050,HUN,Container glass,0.0
2050,HUN,Other glass,0.0
2050,IRL,Flat glass,3715427.4272907334
2050,IRL,Container glass,0.0
2050,IRL,Other glass,0.0
2050,ITA,Flat glass,167921858.1436897
2050,ITA,Container glass,0.0
2050,ITA,Other glass,0.0
2050,LTU,Flat glass,2814189.577054636
2050,LTU,Container glass,0.0
2050,LTU,Other glass,0.0
2050,LUX,Flat glass,804037.6996245125
2050,LUX,Container glass,0.0
2050,LUX,Other glass,0.0
2050,LVA,Flat glass,2063365.9481683415
2050,LVA,Container glass,0.0
2050,LVA,Other glass,0.0
2050,MLT,Flat glass,514092.0728884701
2050,MLT,Container glass,0.0
2050,MLT,Other glass,0.0
2050,NLD,Flat glass,23405718.621784475
2050,NLD,Container glass,0.0
2050,NLD,Other glass,0.0
2050,POL,Flat glass,40432126.24199477
2050,POL,Container glass,0.0
2050,POL,Other glass,0.0
2050,PRT,Flat glass,16076501.0572081
2050,PRT,Container glass,0.0
2050,PRT,Other glass,0.0
2050,ROU,Flat glass,12702064.063394
2050,ROU,Container glass,0.0
2050,ROU,Other glass,0.0
2050,SVK,Flat glass,4523027.396719707
2050,SVK,Container glass,0.0
2050,SVK,Other glass,0.0
2050,SVN,Flat glass,2314441.04025388
2050,SVN,Container glass,0.0
2050,SVN,Other glass,0.0
2050,SWE,Flat glass,18476484.282288924
2050,SWE,Container glass,0.0
2050,SWE,Other glass,0.0
